Gene_ID	Regulation
A0A075B6I0	NO
A0A075B6I7	NO
A0A075B6I9	NO
A0A075B6J2	NO
A0A075B6J9	NO
A0A075B6K0	NO
A0A075B6K2	NO
A0A075B6K4	NO
A0A075B6K5	NO
A0A075B6K6	NO
A0A075B6P5	NO
A0A075B6Q5	NO
A0A075B6R9	NO
A0A075B6S2	NO
A0A075B6S5	NO
A0A075B6S6	NO
A0A087WSX0	NO
A0A087WSY6	NO
A0A087WSZ0	NO
A0A087WW87	NO
A0A0A0MRZ9	NO
A0A0A0MS14	NO
A0A0A0MS15	NO
A0A0A0MT36	NO
A0A0A0MT89	NO
A0A0B4J1U7	NO
A0A0B4J1V0	NO
A0A0B4J1V1	NO
A0A0B4J1V2	NO
A0A0B4J1V6	NO
A0A0B4J1X5	NO
A0A0B4J1Y8	NO
A0A0B4J1Y9	NO
A0A0B4J2D5	NO
A0A0B4J2D9	NO
A0A0B4J2H0	NO
A0A0C4DH24	NO
A0A0C4DH25	NO
A0A0C4DH29	NO
A0A0C4DH31	NO
A0A0C4DH33	NO
A0A0C4DH34	NO
A0A0C4DH35	NO
A0A0C4DH36	NO
A0A0C4DH38	NO
A0A0C4DH43	NO
A0A0C4DH67	NO
A0A0C4DH73	NO
A0A0G2JMI3	NO
A0A0G2JS06	NO
A0A0J9YX35	NO
A0A0J9YXX1	NO
A0A1W2PQ73	NO
A0AVI2	NO
A0AVT1	NO
A0FGR8	NO
A0M8Q6	NO
A0MZ66	NO
A1A4S6	NO
A1L3X0	NO
A1L4H1	NO
A1X283	NO
A2A3N6	NO
A2CJ06	NO
A2RRP1	NO
A2RUS2	NO
A4D1P6	NO
A5D6W6	NO
A5PLN9	NO
A5YKK6	NO
A6NDG6	NO
A6NFK2	NO
A6NMY6	NO
A6QL63	NO
B0I1T2	NO
B2RUZ4	NO
B2RXH8	NO
B5ME19	NO
B7ZAQ6	NO
C4AMC7	NO
E7ETH6	NO
E9PAV3	NO
L0R6Q1	NO
O00116	NO
O00139	NO
O00142	NO
O00151	NO
O00154	NO
O00159	NO
O00161	NO
O00170	NO
O00178	NO
O00186	NO
O00187	NO
O00194	NO
O00203	NO
O00214	NO
O00217	NO
O00231	NO
O00232	NO
O00233	NO
O00264	NO
O00299	NO
O00303	NO
O00391	NO
O00399	NO
O00410	NO
O00429	NO
O00442	NO
O00453	NO
O00461	NO
O00468	NO
O00471	NO
O00478	NO
O00483	NO
O00487	NO
O00501	NO
O00505	NO
O00533	NO
O00534	NO
O00560	NO
O00571	NO
O00592	NO
O00743	NO
O00748	NO
O00754	NO
O14498	NO
O14513	NO
O14523	NO
O14548	NO
O14579	NO
O14594	NO
O14602	NO
O14617	NO
O14618	NO
O14639	NO
O14656	NO
O14662	NO
O14672	NO
O14681	NO
O14727	NO
O14734	NO
O14735	NO
O14744	NO
O14745	NO
O14773	NO
O14775	NO
O14786	NO
O14787	NO
O14791	NO
O14818	NO
O14828	NO
O14920	NO
O14949	NO
O14950	NO
O14964	NO
O14967	NO
O14974	NO
O14976	NO
O14980	NO
O14983	NO
O15013	NO
O15027	NO
O15031	NO
O15047	NO
O15067	NO
O15084	NO
O15111	NO
O15116	NO
O15117	NO
O15126	NO
O15127	NO
O15143	NO
O15144	NO
O15145	NO
O15155	NO
O15173	NO
O15194	NO
O15204	NO
O15212	NO
O15230	NO
O15231	NO
O15260	NO
O15305	NO
O15327	NO
O15357	NO
O15371	NO
O15372	NO
O15400	NO
O15427	NO
O15439	NO
O15511	NO
O15533	NO
O15551	NO
O15553	NO
O43149	NO
O43150	NO
O43157	NO
O43169	NO
O43175	NO
O43182	NO
O43237	NO
O43242	NO
O43264	NO
O43294	NO
O43304	NO
O43306	NO
O43310	NO
O43312	NO
O43318	NO
O43324	NO
O43396	NO
O43399	NO
O43427	NO
O43432	NO
O43464	NO
O43488	NO
O43491	NO
O43493	NO
O43505	NO
O43516	NO
O43529	NO
O43561	NO
O43592	NO
O43615	NO
O43617	NO
O43633	NO
O43639	NO
O43665	NO
O43674	NO
O43676	NO
O43678	NO
O43681	NO
O43707	NO
O43747	NO
O43760	NO
O43765	NO
O43772	NO
O43776	NO
O43790	NO
O43813	NO
O43815	NO
O43837	NO
O43847	NO
O43852	NO
O43865	NO
O43866	NO
O43895	NO
O43920	NO
O60229	NO
O60234	NO
O60240	NO
O60256	NO
O60268	NO
O60271	NO
O60279	NO
O60281	NO
O60313	NO
O60331	NO
O60462	NO
O60476	NO
O60488	NO
O60493	NO
O60496	NO
O60506	NO
O60524	NO
O60568	NO
O60610	NO
O60645	NO
O60664	NO
O60669	NO
O60674	NO
O60684	NO
O60704	NO
O60716	NO
O60749	NO
O60762	NO
O60763	NO
O60826	NO
O60831	NO
O60841	NO
O60884	NO
O60890	NO
O60925	NO
O75015	NO
O75069	NO
O75083	NO
O75116	NO
O75131	NO
O75144	NO
O75154	NO
O75165	NO
O75167	NO
O75190	NO
O75251	NO
O75298	NO
O75306	NO
O75309	NO
O75334	NO
O75339	NO
O75340	NO
O75348	NO
O75351	NO
O75352	NO
O75356	NO
O75368	NO
O75369	NO
O75380	NO
O75390	NO
O75396	NO
O75410	NO
O75417	NO
O75427	NO
O75477	NO
O75489	NO
O75521	NO
O75531	NO
O75558	NO
O75563	NO
O75581	NO
O75592	NO
O75608	NO
O75636	NO
O75663	NO
O75688	NO
O75695	NO
O75746	NO
O75787	NO
O75791	NO
O75821	NO
O75822	NO
O75843	NO
O75844	NO
O75874	NO
O75882	DOWN
O75886	NO
O75915	NO
O75935	NO
O75947	NO
O75954	NO
O75955	NO
O75964	NO
O75976	NO
O76003	NO
O76061	NO
O76074	NO
O94769	NO
O94804	NO
O94826	NO
O94874	NO
O94886	NO
O94905	NO
O94915	NO
O94919	NO
O94923	NO
O94925	NO
O94966	NO
O94979	NO
O94985	NO
O95084	NO
O95140	NO
O95155	NO
O95168	NO
O95169	NO
O95182	NO
O95183	NO
O95196	NO
O95197	NO
O95202	NO
O95219	NO
O95260	NO
O95292	NO
O95295	NO
O95299	NO
O95319	NO
O95336	NO
O95352	NO
O95373	NO
O95425	NO
O95445	NO
O95477	NO
O95479	NO
O95497	NO
O95563	NO
O95571	NO
O95573	NO
O95630	NO
O95644	NO
O95674	NO
O95721	NO
O95747	NO
O95757	NO
O95782	NO
O95803	NO
O95810	NO
O95819	NO
O95831	NO
O95834	NO
O95858	NO
O95866	NO
O95870	NO
O95897	NO
O95967	NO
O96000	NO
O96008	NO
P00167	NO
P00325	NO
P00326	NO
P00338	NO
P00352	NO
P00367	NO
P00387	NO
P00390	NO
P00403	NO
P00450	NO
P00451	NO
P00488	NO
P00491	NO
P00492	NO
P00505	NO
P00558	NO
P00568	NO
P00734	NO
P00736	NO
P00738	NO
P00739	NO
P00740	DOWN
P00742	NO
P00746	NO
P00747	NO
P00748	NO
P00751	NO
P00846	NO
P00915	NO
P00918	NO
P00966	NO
P01008	NO
P01009	NO
P01011	NO
P01019	NO
P01023	NO
P01024	DOWN
P01031	NO
P01033	NO
P01040	NO
P01042	NO
P01111	NO
P01116	NO
P01130	NO
P01133	NO
P01137	NO
P01266	NO
P01344	NO
P01591	NO
P01593	NO
P01597	NO
P01599	NO
P01602	NO
P01619	NO
P01700	NO
P01701	NO
P01704	NO
P01705	NO
P01706	NO
P01709	NO
P01714	NO
P01715	NO
P01717	NO
P01721	NO
P01742	NO
P01743	NO
P01764	NO
P01766	NO
P01768	NO
P01772	NO
P01780	NO
P01782	NO
P01814	NO
P01817	NO
P01833	NO
P01834	NO
P01859	NO
P01860	NO
P01861	NO
P01871	NO
P01876	NO
P01880	NO
P01889	NO
P02042	NO
P02452	NO
P02461	NO
P02533	NO
P02538	NO
P02545	NO
P02549	NO
P02585	NO
P02647	NO
P02649	NO
P02652	NO
P02654	NO
P02655	NO
P02656	NO
P02671	NO
P02675	NO
P02679	NO
P02689	NO
P02730	NO
P02741	NO
P02743	NO
P02745	NO
P02746	NO
P02747	NO
P02748	NO
P02749	NO
P02750	NO
P02751	NO
P02753	NO
P02760	NO
P02763	NO
P02765	NO
P02766	DOWN
P02768	DOWN
P02774	NO
P02775	NO
P02776	NO
P02786	NO
P02787	NO
P02788	NO
P02790	NO
P03950	NO
P03951	NO
P03952	NO
P03956	NO
P04003	NO
P04004	DOWN
P04040	NO
P04066	NO
P04070	NO
P04075	NO
P04080	NO
P04114	NO
P04156	NO
P04179	NO
P04180	NO
P04196	NO
P04211	NO
P04217	DOWN
P04259	NO
P04264	NO
P04275	NO
P04278	NO
P04406	NO
P04424	NO
P04430	NO
P04433	NO
P04439	NO
P04632	NO
P04792	NO
P04843	NO
P04844	NO
P04899	NO
P04908	NO
P05023	NO
P05060	NO
P05062	NO
P05067	NO
P05090	UP
P05106	NO
P05107	NO
P05109	NO
P05121	NO
P05141	NO
P05154	NO
P05155	NO
P05156	NO
P05160	NO
P05164	NO
P05165	NO
P05166	NO
P05198	NO
P05362	NO
P05387	NO
P05388	NO
P05408	NO
P05452	NO
P05543	NO
P05546	NO
P05556	NO
P05771	NO
P05976	NO
P05981	NO
P06132	NO
P06241	NO
P06276	NO
P06280	NO
P06312	NO
P06396	NO
P06576	NO
P06681	NO
P06702	NO
P06727	NO
P06732	NO
P06733	NO
P06737	NO
P06744	NO
P06753	NO
P06756	NO
P06858	UP
P06865	NO
P06899	NO
P07093	NO
P07148	NO
P07195	UP
P07203	NO
P07225	NO
P07237	NO
P07307	NO
P07332	NO
P07333	NO
P07339	DOWN
P07357	NO
P07358	NO
P07359	NO
P07360	NO
P07384	NO
P07437	NO
P07476	NO
P07478	NO
P07585	NO
P07602	NO
P07686	NO
P07737	NO
P07741	NO
P07814	NO
P07858	NO
P07900	NO
P07942	NO
P07947	NO
P07948	NO
P07951	NO
P07954	NO
P07996	NO
P08185	NO
P08195	NO
P08237	NO
P08238	NO
P08240	NO
P08253	NO
P08294	UP
P08311	NO
P08319	NO
P08493	NO
P08514	NO
P08519	NO
P08559	NO
P08567	NO
P08571	NO
P08574	NO
P08575	NO
P08603	NO
P08637	NO
P08648	NO
P08670	NO
P08697	NO
P08709	NO
P08754	NO
P08758	NO
P08779	NO
P08865	NO
P08913	NO
P08922	NO
P08962	NO
P09104	NO
P09110	NO
P09172	NO
P09211	NO
P09238	NO
P09327	NO
P09382	NO
P09417	NO
P09486	NO
P09493	NO
P09496	NO
P09497	NO
P09543	NO
P09603	NO
P09619	NO
P09622	NO
P09669	NO
P09871	NO
P09960	NO
P0C0L4	NO
P0C0L5	NO
P0C7M8	NO
P0C7P3	NO
P0C7P4	NO
P0C8F1	NO
P0CG22	NO
P0CG47	NO
P0DJI8	NO
P0DJI9	NO
P0DMM9	NO
P0DMV8	NO
P0DOX2	NO
P0DOX3	NO
P0DOX4	NO
P0DOX5	NO
P0DOX7	NO
P0DOX8	NO
P0DOY2	NO
P0DP01	NO
P0DP08	NO
P0DP23	NO
P0DTE1	NO
P10124	NO
P10155	NO
P10301	NO
P10321	NO
P10398	NO
P10412	NO
P10451	NO
P10515	NO
P10586	NO
P10599	NO
P10606	NO
P10619	NO
P10643	NO
P10644	NO
P10645	NO
P10646	NO
P10720	NO
P10721	NO
P10768	NO
P10809	NO
P10909	NO
P11021	NO
P11047	NO
P11049	NO
P11117	NO
P11137	NO
P11142	NO
P11150	NO
P11166	NO
P11169	NO
P11171	NO
P11172	NO
P11177	NO
P11182	NO
P11215	NO
P11216	NO
P11217	NO
P11226	NO
P11234	NO
P11274	NO
P11277	NO
P11279	NO
P11310	NO
P11362	NO
P11413	NO
P11441	NO
P11586	NO
P11597	NO
P11678	NO
P11717	NO
P11766	NO
P11908	NO
P11940	NO
P12035	NO
P12081	NO
P12109	NO
P12110	NO
P12111	NO
P12236	NO
P12259	NO
P12268	NO
P12273	NO
P12429	NO
P12814	NO
P12821	NO
P12830	NO
P12882	NO
P12883	NO
P12931	NO
P12955	NO
P13073	NO
P13164	NO
P13224	NO
P13489	NO
P13497	NO
P13501	NO
P13591	NO
P13598	NO
P13611	NO
P13639	NO
P13645	NO
P13646	NO
P13647	NO
P13667	NO
P13671	NO
P13686	NO
P13716	NO
P13727	NO
P13747	NO
P13796	NO
P13797	NO
P13798	NO
P13804	NO
P13807	NO
P13861	NO
P13929	NO
P13987	NO
P14151	NO
P14209	NO
P14222	NO
P14314	NO
P14317	NO
P14324	NO
P14406	NO
P14543	NO
P14618	NO
P14625	NO
P14649	NO
P14735	NO
P14770	NO
P14780	NO
P14854	NO
P14868	NO
P14923	NO
P14927	NO
P15144	NO
P15151	NO
P15153	NO
P15169	NO
P15170	NO
P15291	NO
P15498	NO
P15531	NO
P15586	NO
P15814	NO
P15880	NO
P15924	NO
P15941	NO
P16035	NO
P16070	NO
P16109	NO
P16112	NO
P16150	NO
P16152	NO
P16157	NO
P16219	NO
P16278	NO
P16284	NO
P16298	NO
P16333	NO
P16452	NO
P16591	NO
P16615	NO
P16671	NO
P16871	NO
P16885	NO
P16930	NO
P17174	NO
P17252	NO
P17301	NO
P17612	NO
P17655	NO
P17812	NO
P17858	NO
P17936	NO
P17980	NO
P17987	NO
P18031	NO
P18054	NO
P18084	NO
P18085	NO
P18206	NO
P18428	NO
P18433	NO
P18577	NO
P18669	NO
P18850	NO
P19013	NO
P19021	NO
P19022	NO
P19086	NO
P19256	NO
P19320	NO
P19367	NO
P19404	NO
P19474	NO
P19634	NO
P19652	NO
P19784	NO
P19823	NO
P19827	NO
P19883	NO
P19971	NO
P20073	NO
P20338	NO
P20339	NO
P20340	NO
P20618	NO
P20645	NO
P20674	NO
P20701	NO
P20742	NO
P20774	NO
P20810	NO
P20851	NO
P20936	NO
P20962	NO
P21281	NO
P21283	NO
P21291	NO
P21333	NO
P21399	NO
P21695	NO
P21730	NO
P21731	NO
P21796	NO
P21810	NO
P21912	NO
P21926	NO
P21964	NO
P21980	NO
P22003	NO
P22033	NO
P22059	NO
P22061	NO
P22102	NO
P22105	NO
P22223	NO
P22234	NO
P22304	NO
P22314	NO
P22352	NO
P22392	NO
P22681	NO
P22692	DOWN
P22694	NO
P22695	NO
P22792	NO
P22891	NO
P22897	NO
P23083	NO
P23141	DOWN
P23142	NO
P23219	NO
P23229	NO
P23284	NO
P23368	NO
P23381	NO
P23435	NO
P23458	NO
P23467	NO
P23470	NO
P23471	NO
P23526	NO
P23528	NO
P23560	NO
P23588	NO
P23610	NO
P23786	NO
P23919	NO
P24043	NO
P24534	NO
P24539	NO
P24557	NO
P24592	NO
P24593	NO
P24752	NO
P24821	NO
P24844	NO
P25098	NO
P25311	NO
P25325	NO
P25398	NO
P25686	NO
P25705	NO
P25774	NO
P25786	NO
P25787	NO
P25788	NO
P25789	NO
P26022	NO
P26038	NO
P26196	NO
P26440	NO
P26447	NO
P26572	NO
P26599	NO
P26639	NO
P26640	NO
P26641	NO
P26885	NO
P26927	NO
P27105	NO
P27169	NO
P27338	NO
P27348	NO
P27361	NO
P27448	NO
P27487	NO
P27701	NO
P27708	NO
P27797	NO
P27816	NO
P27824	NO
P27918	NO
P27986	NO
P27987	NO
P28062	NO
P28065	NO
P28066	NO
P28070	NO
P28072	NO
P28074	NO
P28288	NO
P28290	NO
P28329	NO
P28331	NO
P28482	NO
P28827	NO
P28838	NO
P29122	NO
P29144	NO
P29218	NO
P29279	NO
P29323	NO
P29350	NO
P29401	NO
P29622	NO
P29692	NO
P29965	NO
P30038	NO
P30040	NO
P30041	NO
P30043	NO
P30044	NO
P30048	NO
P30049	NO
P30084	NO
P30085	NO
P30101	NO
P30153	NO
P30273	NO
P30405	NO
P30419	NO
P30530	UP
P30566	NO
P30613	NO
P30622	NO
P30626	NO
P30740	NO
P30838	NO
P30990	NO
P31040	NO
P31146	NO
P31150	NO
P31151	NO
P31153	NO
P31323	NO
P31327	NO
P31431	NO
P31641	NO
P31751	NO
P31930	NO
P31937	NO
P31939	NO
P31943	NO
P31946	NO
P31948	NO
P31995	NO
P32004	UP
P32019	NO
P32119	NO
P32189	NO
P32321	NO
P32942	NO
P33121	NO
P33151	UP
P33176	NO
P33316	NO
P33527	NO
P33908	NO
P34896	NO
P34897	NO
P34913	NO
P34932	NO
P34949	NO
P35030	NO
P35232	NO
P35237	NO
P35241	NO
P35442	NO
P35443	NO
P35527	NO
P35542	NO
P35555	NO
P35573	NO
P35579	NO
P35606	NO
P35611	NO
P35612	NO
P35613	NO
P35625	NO
P35749	NO
P35813	NO
P35858	NO
P35908	NO
P35914	NO
P35916	NO
P35998	NO
P36404	NO
P36507	NO
P36542	NO
P36543	NO
P36551	NO
P36776	NO
P36871	NO
P36873	NO
P36897	NO
P36915	NO
P36955	NO
P36957	NO
P36959	NO
P36969	NO
P36980	NO
P37235	NO
P37802	NO
P37837	NO
P37840	NO
P38117	NO
P38571	NO
P38606	NO
P38646	NO
P39059	NO
P39060	NO
P39656	NO
P40189	NO
P40197	NO
P40222	NO
P40227	NO
P40306	NO
P40616	NO
P40763	NO
P40925	NO
P40926	NO
P40939	NO
P40967	NO
P41091	NO
P41222	NO
P41226	NO
P41236	NO
P41240	NO
P41250	NO
P41252	NO
P42025	NO
P42126	NO
P42224	NO
P42229	NO
P42262	NO
P42331	NO
P42338	NO
P42345	NO
P42356	NO
P42566	NO
P42574	NO
P42680	NO
P42704	NO
P42765	NO
P42768	NO
P42858	NO
P42892	NO
P42898	NO
P43034	NO
P43121	UP
P43155	NO
P43250	NO
P43251	NO
P43304	NO
P43307	NO
P43405	NO
P43487	NO
P43652	NO
P43686	NO
P45378	NO
P45880	NO
P45954	NO
P45974	NO
P46019	NO
P46020	NO
P46060	NO
P46109	NO
P46379	NO
P46439	NO
P46459	NO
P46531	NO
P46734	NO
P46736	NO
P46781	NO
P46934	NO
P46939	NO
P46940	NO
P46976	NO
P46977	NO
P47712	NO
P47755	NO
P47756	NO
P47897	NO
P47900	NO
P48047	NO
P48059	NO
P48163	NO
P48426	NO
P48444	NO
P48449	NO
P48506	NO
P48507	NO
P48509	NO
P48553	NO
P48556	NO
P48637	NO
P48643	NO
P48723	NO
P48735	NO
P48740	NO
P48960	NO
P49137	NO
P49189	NO
P49247	NO
P49257	NO
P49327	NO
P49368	NO
P49407	NO
P49411	NO
P49588	NO
P49591	NO
P49593	NO
P49619	NO
P49641	NO
P49642	NO
P49720	NO
P49721	NO
P49746	NO
P49747	NO
P49748	NO
P49753	NO
P49754	NO
P49755	NO
P49757	NO
P49758	NO
P49767	NO
P49768	NO
P49795	NO
P49821	NO
P49841	NO
P49902	NO
P49908	NO
P49913	NO
P49915	NO
P49916	NO
P50148	NO
P50213	NO
P50225	NO
P50336	NO
P50395	NO
P50402	NO
P50416	NO
P50440	NO
P50452	NO
P50453	NO
P50454	NO
P50502	NO
P50552	NO
P50570	NO
P50851	NO
P50990	NO
P50991	NO
P50995	NO
P51116	NO
P51148	NO
P51149	NO
P51151	NO
P51153	NO
P51159	NO
P51452	NO
P51553	NO
P51570	NO
P51571	NO
P51572	NO
P51575	NO
P51606	NO
P51648	NO
P51649	NO
P51659	NO
P51665	NO
P51679	NO
P51692	NO
P51693	NO
P51790	NO
P51793	NO
P51797	NO
P51809	NO
P51812	NO
P51884	NO
P51970	NO
P52209	NO
P52306	NO
P52333	NO
P52566	NO
P52594	NO
P52630	NO
P52815	NO
P52907	NO
P53004	NO
P53007	NO
P53041	NO
P53396	NO
P53597	NO
P53611	NO
P53618	NO
P53621	NO
P53634	NO
P53675	NO
P53680	NO
P53708	NO
P53814	NO
P53990	NO
P53992	NO
P54136	NO
P54277	NO
P54289	NO
P54577	NO
P54578	NO
P54619	NO
P54652	NO
P54687	NO
P54725	NO
P54727	NO
P54753	NO
P54819	NO
P54886	NO
P54920	NO
P55010	NO
P55011	NO
P55036	NO
P55056	DOWN
P55058	NO
P55060	NO
P55072	NO
P55083	NO
P55084	NO
P55103	DOWN
P55145	NO
P55157	NO
P55160	NO
P55209	NO
P55212	NO
P55268	NO
P55285	NO
P55287	NO
P55290	UP
P55291	DOWN
P55786	NO
P55809	NO
P55854	NO
P55884	NO
P55957	NO
P56134	NO
P56192	NO
P56202	NO
P56377	NO
P56385	NO
P56545	NO
P56556	NO
P57075	NO
P57088	NO
P57105	NO
P57729	NO
P57737	NO
P57764	NO
P57772	NO
P58166	DOWN
P58335	UP
P58546	NO
P59998	NO
P60174	NO
P60228	NO
P60468	NO
P60520	NO
P60606	NO
P60660	NO
P60709	NO
P60842	NO
P60891	NO
P60900	NO
P60953	NO
P60981	NO
P60985	NO
P61006	NO
P61009	NO
P61018	NO
P61019	NO
P61020	NO
P61026	NO
P61073	NO
P61077	NO
P61106	NO
P61158	NO
P61160	NO
P61163	NO
P61201	NO
P61204	NO
P61221	NO
P61224	NO
P61225	NO
P61421	NO
P61550	NO
P61586	NO
P61604	NO
P61619	NO
P61626	NO
P61758	NO
P61764	NO
P61769	NO
P61803	NO
P61923	NO
P61966	NO
P61970	NO
P61978	NO
P61981	NO
P62136	NO
P62140	NO
P62191	NO
P62195	NO
P62256	NO
P62258	NO
P62263	NO
P62269	NO
P62312	NO
P62328	NO
P62330	NO
P62333	NO
P62341	NO
P62491	NO
P62495	NO
P62714	NO
P62736	NO
P62805	NO
P62820	NO
P62826	NO
P62834	NO
P62873	NO
P62879	NO
P62937	NO
P62993	NO
P63000	NO
P63010	NO
P63092	NO
P63096	NO
P63098	NO
P63104	NO
P63151	NO
P63208	NO
P63241	NO
P63261	NO
P63316	NO
P67812	NO
P67936	NO
P68036	NO
P68104	NO
P68363	NO
P68366	NO
P68371	NO
P68400	NO
P68402	NO
P68871	NO
P69849	NO
P69891	NO
P69905	NO
P78344	NO
P78371	NO
P78417	NO
P78509	NO
P78537	NO
P78539	NO
P78559	NO
P80108	NO
P80188	NO
P80217	NO
P80303	NO
P80404	NO
P80723	NO
P80748	NO
P84095	NO
P98082	NO
P98095	NO
P98160	UP
P98171	NO
P98194	NO
P99999	NO
Q00013	NO
Q00059	NO
Q00325	NO
Q00341	NO
Q00535	NO
Q00577	NO
Q00610	NO
Q00653	NO
Q00722	NO
Q01082	NO
Q01415	NO
Q01433	NO
Q01518	NO
Q01638	NO
Q01813	NO
Q01970	NO
Q02094	NO
Q02108	NO
Q02153	NO
Q02218	NO
Q02252	NO
Q02338	NO
Q02413	NO
Q02487	NO
Q02750	NO
Q02809	NO
Q02818	NO
Q02952	UP
Q02978	NO
Q02985	NO
Q03154	NO
Q03518	NO
Q03519	NO
Q03591	NO
Q04206	NO
Q04446	NO
Q04637	NO
Q04695	NO
Q04721	NO
Q04756	NO
Q04759	NO
Q04760	NO
Q04771	NO
Q04837	NO
Q04917	NO
Q04941	NO
Q05193	NO
Q05209	NO
Q05397	NO
Q05655	NO
Q05682	NO
Q05707	NO
Q05940	NO
Q06033	NO
Q06124	NO
Q06187	NO
Q06210	NO
Q06323	NO
Q06481	NO
Q06828	NO
Q06830	NO
Q07021	NO
Q07507	NO
Q07817	NO
Q07866	NO
Q07954	NO
Q07960	NO
Q08043	NO
Q08174	NO
Q08209	NO
Q08257	NO
Q08378	NO
Q08379	NO
Q08380	NO
Q08431	NO
Q08495	NO
Q08722	NO
Q08830	NO
Q08AM6	NO
Q0VD83	NO
Q0ZGT2	NO
Q10471	NO
Q10472	NO
Q10567	NO
Q10588	NO
Q12765	NO
Q12768	NO
Q12797	NO
Q12805	NO
Q12841	NO
Q12846	NO
Q12851	NO
Q12860	NO
Q12882	NO
Q12884	NO
Q12904	NO
Q12905	NO
Q12906	NO
Q12907	NO
Q12912	NO
Q12913	NO
Q12931	NO
Q12982	NO
Q13011	NO
Q13033	NO
Q13043	NO
Q13045	NO
Q13085	NO
Q13093	NO
Q13094	NO
Q13098	NO
Q13103	NO
Q13107	NO
Q13113	NO
Q13126	NO
Q13131	NO
Q13148	NO
Q13155	NO
Q13162	NO
Q13177	NO
Q13188	NO
Q13200	NO
Q13201	NO
Q13217	NO
Q13232	NO
Q13283	NO
Q13315	NO
Q13322	NO
Q13347	NO
Q13404	NO
Q13409	NO
Q13418	NO
Q13423	NO
Q13445	NO
Q13451	NO
Q13459	NO
Q13464	NO
Q13477	NO
Q13492	NO
Q13496	NO
Q13501	NO
Q13510	NO
Q13555	NO
Q13557	NO
Q13561	NO
Q13564	NO
Q13576	NO
Q13586	NO
Q13596	NO
Q13616	NO
Q13617	NO
Q13618	NO
Q13619	NO
Q13620	NO
Q13630	NO
Q13636	NO
Q13637	NO
Q13642	NO
Q13683	NO
Q13724	NO
Q13740	NO
Q13790	UP
Q13813	NO
Q13822	NO
Q13867	NO
Q13873	NO
Q13884	NO
Q13885	NO
Q13976	NO
Q14008	NO
Q14012	NO
Q14019	NO
Q14088	NO
Q14112	NO
Q14116	NO
Q14118	NO
Q14126	NO
Q14139	NO
Q14141	NO
Q14152	NO
Q14155	NO
Q14156	NO
Q14157	NO
Q14165	NO
Q14166	NO
Q14192	NO
Q14203	NO
Q14204	NO
Q14213	NO
Q14240	NO
Q14247	NO
Q14254	NO
Q14258	NO
Q14289	NO
Q14344	NO
Q14392	NO
Q14393	NO
Q14432	NO
Q14444	NO
Q14457	NO
Q14515	NO
Q14517	NO
Q14520	NO
Q14554	NO
Q14571	NO
Q14574	NO
Q14623	NO
Q14624	NO
Q14642	NO
Q14643	NO
Q14644	NO
Q14667	NO
Q14677	NO
Q14697	NO
Q14699	NO
Q14721	NO
Q14728	NO
Q14764	NO
Q14766	NO
Q14767	NO
Q14789	NO
Q14847	NO
Q14956	UP
Q14974	NO
Q14BN4	NO
Q14C86	NO
Q15005	NO
Q15006	NO
Q15008	NO
Q15018	NO
Q15019	NO
Q15036	NO
Q15041	NO
Q15042	NO
Q15046	NO
Q15052	NO
Q15056	NO
Q15057	NO
Q15063	NO
Q15067	NO
Q15075	NO
Q15084	NO
Q15113	NO
Q15118	NO
Q15126	NO
Q15149	NO
Q15165	NO
Q15166	UP
Q15172	NO
Q15185	NO
Q15208	NO
Q15257	NO
Q15262	NO
Q15276	NO
Q15293	NO
Q15363	NO
Q15365	NO
Q15366	NO
Q15369	NO
Q15382	NO
Q15386	NO
Q15389	NO
Q15397	NO
Q15404	NO
Q15435	NO
Q15436	NO
Q15485	NO
Q15526	NO
Q15555	NO
Q15582	NO
Q15628	NO
Q15629	NO
Q15631	NO
Q15642	NO
Q15691	NO
Q15714	NO
Q15717	NO
Q15738	NO
Q15746	NO
Q15750	NO
Q15762	NO
Q15771	NO
Q15796	NO
Q15813	NO
Q15833	NO
Q15836	NO
Q15848	UP
Q15904	NO
Q15907	NO
Q15942	NO
Q16181	NO
Q16186	NO
Q16204	NO
Q16270	NO
Q16363	NO
Q16378	NO
Q16401	NO
Q16512	NO
Q16531	NO
Q16539	NO
Q16543	NO
Q16555	NO
Q16563	NO
Q16595	NO
Q16610	NO
Q16643	NO
Q16644	NO
Q16655	NO
Q16658	NO
Q16698	NO
Q16706	NO
Q16718	NO
Q16762	NO
Q16775	NO
Q16795	NO
Q16799	NO
Q16820	NO
Q16822	NO
Q16836	NO
Q16851	NO
Q16853	NO
Q16881	NO
Q16891	NO
Q17RA5	NO
Q17RC7	NO
Q27J81	NO
Q2KHT3	NO
Q2M389	NO
Q2M3D2	NO
Q2TAA5	NO
Q2TAZ0	NO
Q2TB18	NO
Q32MZ4	NO
Q32P28	NO
Q32P44	NO
Q3LXA3	NO
Q3MJ13	NO
Q3SXM5	NO
Q3V6T2	NO
Q3YEC7	NO
Q3ZAQ7	NO
Q3ZCQ8	NO
Q3ZCW2	NO
Q4G0F5	NO
Q4G176	NO
Q4KMP7	NO
Q4KMQ2	NO
Q4LDE5	NO
Q4V328	NO
Q53GL0	NO
Q53GQ0	NO
Q53H12	NO
Q53QZ3	NO
Q53RD9	NO
Q53T59	NO
Q53TN4	NO
Q562R1	NO
Q567U6	NO
Q58EX2	NO
Q5D862	NO
Q5GLZ8	NO
Q5H9R7	NO
Q5HYI8	NO
Q5JRA6	NO
Q5JRX3	NO
Q5JSH3	NO
Q5JSL3	NO
Q5JSP0	NO
Q5M775	NO
Q5M8T2	NO
Q5MY95	NO
Q5SGD2	NO
Q5SQ64	NO
Q5SW79	NO
Q5SW96	NO
Q5SYB0	NO
Q5SZK8	NO
Q5T0F9	NO
Q5T0L3	NO
Q5T0N5	NO
Q5T1M5	NO
Q5T2T1	NO
Q5T3F8	NO
Q5T447	NO
Q5T4S7	NO
Q5T5C0	NO
Q5T5U3	NO
Q5T9A4	NO
Q5TAP6	NO
Q5TC12	NO
Q5TCZ1	NO
Q5TH69	NO
Q5UE93	NO
Q5VIR6	NO
Q5VST6	NO
Q5VU65	NO
Q5VVQ6	NO
Q5VWC8	NO
Q5VWZ2	NO
Q5VY43	NO
Q5VYK3	NO
Q5VZ72	NO
Q5VZ89	NO
Q5VZK9	NO
Q5W0V3	NO
Q5W111	NO
Q5XKP0	NO
Q629K1	NO
Q63HN8	NO
Q63ZY3	NO
Q658P3	NO
Q658Y4	NO
Q66K14	NO
Q66K74	NO
Q674X7	NO
Q684P5	NO
Q68D51	NO
Q68DL7	NO
Q68EM7	NO
Q69YW2	NO
Q6B0B8	NO
Q6BDS2	NO
Q6DD88	NO
Q6E0U4	NO
Q6EMK4	NO
Q6FI81	NO
Q6IA69	NO
Q6IAA8	NO
Q6IAN0	NO
Q6IBS0	NO
Q6ICL3	NO
Q6IQ22	NO
Q6KC79	NO
Q6NUK1	NO
Q6NVY1	NO
Q6NXT6	NO
Q6P179	NO
Q6P1A2	NO
Q6P1M0	NO
Q6P2E9	NO
Q6P3W7	NO
Q6P3X3	NO
Q6P499	NO
Q6P4E1	NO
Q6P587	NO
Q6P996	NO
Q6PCE3	NO
Q6PEY2	NO
Q6PGP7	NO
Q6PI48	NO
Q6PJF5	NO
Q6PJW8	NO
Q6PL24	NO
Q6Q788	NO
Q6S8J3	NO
Q6UB35	NO
Q6UVK1	NO
Q6UW02	NO
Q6UW49	NO
Q6UWD8	NO
Q6UWL2	NO
Q6UWV6	NO
Q6UX71	NO
Q6UXB8	NO
Q6UXD5	NO
Q6UXH0	DOWN
Q6UXH1	NO
Q6UXV4	NO
Q6UY14	NO
Q6V0I7	NO
Q6VY07	NO
Q6WCQ1	NO
Q6XPS3	NO
Q6XQN6	NO
Q6YHK3	NO
Q6ZMI0	NO
Q6ZNJ1	NO
Q6ZRP7	NO
Q6ZRY4	NO
Q6ZSS7	NO
Q6ZT07	NO
Q6ZU35	NO
Q6ZUT6	NO
Q6ZVM7	NO
Q6ZWT7	NO
Q702N8	NO
Q709C8	NO
Q70IA8	NO
Q70J99	NO
Q70UQ0	NO
Q76LX8	NO
Q7KZF4	NO
Q7L1Q6	NO
Q7L1S5	NO
Q7L1W4	NO
Q7L4P6	NO
Q7L523	NO
Q7L576	NO
Q7L591	NO
Q7L5N1	NO
Q7L7X3	NO
Q7L9L4	NO
Q7LDG7	NO
Q7LFX5	NO
Q7LGC8	NO
Q7RTU0	NO
Q7Z2W4	NO
Q7Z2Z2	NO
Q7Z392	NO
Q7Z3C6	NO
Q7Z3D6	NO
Q7Z3G6	NO
Q7Z3U7	NO
Q7Z3V4	NO
Q7Z401	NO
Q7Z406	NO
Q7Z434	NO
Q7Z460	NO
Q7Z478	NO
Q7Z4H3	NO
Q7Z4W1	NO
Q7Z5L0	NO
Q7Z5L7	NO
Q7Z5P9	NO
Q7Z6K1	NO
Q7Z6Z7	NO
Q7Z7G0	NO
Q7Z7H5	NO
Q7Z7M8	NO
Q86SQ4	NO
Q86TH1	NO
Q86TP1	NO
Q86TV6	NO
Q86TY3	NO
Q86U17	NO
Q86UD1	NO
Q86UE4	NO
Q86UF1	NO
Q86UN3	NO
Q86UP2	NO
Q86UT6	NO
Q86UX7	NO
Q86VN1	NO
Q86VP6	NO
Q86VS8	NO
Q86VU5	NO
Q86WI1	NO
Q86WR7	NO
Q86X29	NO
Q86X76	NO
Q86XI8	NO
Q86XS5	NO
Q86Y82	NO
Q86YL5	NO
Q86YW5	NO
Q86YZ3	NO
Q8IUE1	NO
Q8IUI8	NO
Q8IUK5	NO
Q8IUK8	NO
Q8IUL8	NO
Q8IUX7	NO
Q8IV35	NO
Q8IVB4	NO
Q8IVG5	NO
Q8IVT5	NO
Q8IVV2	NO
Q8IW45	NO
Q8IWA5	NO
Q8IWB7	NO
Q8IWF6	NO
Q8IWV7	NO
Q8IWZ5	NO
Q8IXB1	NO
Q8IXI1	NO
Q8IXL6	NO
Q8IY17	NO
Q8IY22	NO
Q8IY26	NO
Q8IY33	NO
Q8IYD8	NO
Q8IYI6	NO
Q8IYU8	NO
Q8IZ07	NO
Q8IZ81	NO
Q8IZ83	NO
Q8IZA0	NO
Q8IZD0	NO
Q8IZF2	NO
Q8IZH2	NO
Q8IZL8	NO
Q8IZP0	NO
Q8N0U8	NO
Q8N128	NO
Q8N1G4	NO
Q8N1N4	NO
Q8N2G8	NO
Q8N2S1	NO
Q8N307	NO
Q8N392	NO
Q8N3C0	NO
Q8N3D4	NO
Q8N3F0	NO
Q8N490	NO
Q8N4C6	NO
Q8N4C8	NO
Q8N4L2	NO
Q8N4Q0	NO
Q8N4V1	NO
Q8N573	NO
Q8N5C1	NO
Q8N5H3	NO
Q8N5J2	NO
Q8N5K1	NO
Q8N5N7	NO
Q8N699	NO
Q8N6H7	NO
Q8N8J7	NO
Q8N8K9	NO
Q8N9N2	NO
Q8N9N7	NO
Q8N9U0	NO
Q8NBF2	NO
Q8NBI5	NO
Q8NBJ4	NO
Q8NBJ7	NO
Q8NBM8	NO
Q8NBP7	NO
Q8NBQ5	NO
Q8NBS9	NO
Q8NBX0	NO
Q8NBZ7	NO
Q8ND76	NO
Q8NDA2	NO
Q8NDB2	NO
Q8NDZ4	NO
Q8NE09	NO
Q8NE71	NO
Q8NE86	NO
Q8NEB9	NO
Q8NEU8	NO
Q8NEZ2	NO
Q8NF50	NO
Q8NFG4	NO
Q8NFH8	NO
Q8NFL0	NO
Q8NFQ8	NO
Q8NFV4	NO
Q8NG06	NO
Q8NG11	NO
Q8NH49	NO
Q8NHG7	NO
Q8NHG8	NO
Q8NI08	NO
Q8NI99	NO
Q8TAG9	NO
Q8TAT6	NO
Q8TB03	NO
Q8TB24	NO
Q8TB36	NO
Q8TB61	NO
Q8TBP5	NO
Q8TBQ9	NO
Q8TC07	NO
Q8TC12	NO
Q8TC26	NO
Q8TCJ2	NO
Q8TCS8	NO
Q8TCT9	NO
Q8TD06	NO
Q8TD16	NO
Q8TD19	NO
Q8TD43	NO
Q8TD55	NO
Q8TDL5	NO
Q8TDQ7	NO
Q8TDW7	NO
Q8TDX7	NO
Q8TDZ2	NO
Q8TE73	NO
Q8TE77	NO
Q8TEA8	NO
Q8TEB1	NO
Q8TEB9	NO
Q8TER0	NO
Q8TEW0	NO
Q8TF42	NO
Q8TF64	NO
Q8TF66	NO
Q8WU76	NO
Q8WU79	NO
Q8WUA8	NO
Q8WUJ3	NO
Q8WUM4	NO
Q8WUT4	NO
Q8WUW1	NO
Q8WUY1	NO
Q8WUY3	NO
Q8WV28	NO
Q8WVC6	NO
Q8WVJ2	NO
Q8WVM8	NO
Q8WWA0	NO
Q8WWA1	NO
Q8WWC4	NO
Q8WWI5	NO
Q8WWQ8	NO
Q8WWV6	NO
Q8WWZ8	NO
Q8WXE9	NO
Q8WXF7	NO
Q8WXG6	NO
Q8WYK0	NO
Q8WZ42	NO
Q8WZA0	NO
Q8WZA1	NO
Q92187	NO
Q92484	NO
Q92496	NO
Q92499	NO
Q92506	NO
Q92520	NO
Q92526	NO
Q92538	NO
Q92544	NO
Q92556	NO
Q92558	NO
Q92570	NO
Q92575	NO
Q92598	NO
Q92608	NO
Q92609	NO
Q92614	NO
Q92616	NO
Q92619	NO
Q92625	NO
Q92673	NO
Q92686	NO
Q92688	NO
Q92696	NO
Q92736	NO
Q92743	NO
Q92747	NO
Q92783	NO
Q92796	NO
Q92820	NO
Q92823	NO
Q92824	NO
Q92835	NO
Q92859	NO
Q92882	NO
Q92888	NO
Q92890	NO
Q92900	NO
Q92905	NO
Q92930	NO
Q92947	NO
Q92954	NO
Q92963	NO
Q92973	NO
Q92974	NO
Q93008	NO
Q93009	NO
Q93034	NO
Q93050	NO
Q93052	NO
Q93084	NO
Q93100	NO
Q969E2	NO
Q969M3	NO
Q969T9	NO
Q969V3	NO
Q969X0	NO
Q969X5	NO
Q96A26	NO
Q96A32	NO
Q96A33	NO
Q96A49	NO
Q96A65	NO
Q96AG4	NO
Q96AP7	NO
Q96AX1	NO
Q96AX2	NO
Q96B97	NO
Q96BY6	NO
Q96C19	NO
Q96C24	NO
Q96CN7	NO
Q96CS3	NO
Q96CV9	NO
Q96CW1	NO
Q96CW5	NO
Q96CX2	NO
Q96DB5	NO
Q96DU9	NO
Q96DZ9	NO
Q96E17	NO
Q96EE4	NO
Q96EY8	NO
Q96FE7	NO
Q96FW1	NO
Q96FZ7	NO
Q96G03	NO
Q96G23	NO
Q96GS4	NO
Q96H15	NO
Q96H20	NO
Q96HC4	NO
Q96HS1	NO
Q96HV5	NO
Q96HY6	NO
Q96I82	UP
Q96I99	NO
Q96II8	NO
Q96IJ6	NO
Q96IU4	NO
Q96IX5	NO
Q96IY4	NO
Q96IZ0	NO
Q96J42	NO
Q96JB2	NO
Q96JB5	NO
Q96JJ7	NO
Q96JM3	NO
Q96JQ0	NO
Q96K17	NO
Q96K19	NO
Q96K21	NO
Q96K49	NO
Q96K76	NO
Q96KG9	NO
Q96KN2	NO
Q96KN7	NO
Q96KP1	NO
Q96KP4	NO
Q96L08	NO
Q96M27	NO
Q96M96	NO
Q96MK2	NO
Q96MM7	NO
Q96MW1	NO
Q96N66	NO
Q96N67	NO
Q96NZ9	NO
Q96P48	NO
Q96P70	NO
Q96PD5	NO
Q96PU5	NO
Q96Q05	NO
Q96Q11	NO
Q96QK1	NO
Q96QR8	NO
Q96RD7	NO
Q96RD9	NO
Q96RI0	NO
Q96RL7	NO
Q96RT1	NO
Q96S59	NO
Q96S96	NO
Q96S97	NO
Q96SB3	NO
Q96SU4	NO
Q96T51	NO
Q96T66	NO
Q96T76	NO
Q96TC7	NO
Q99417	NO
Q99418	NO
Q99426	NO
Q99435	NO
Q99436	NO
Q99439	NO
Q99447	NO
Q99460	NO
Q99471	NO
Q99497	NO
Q99501	NO
Q99523	NO
Q99536	NO
Q99542	NO
Q99570	NO
Q99574	NO
Q99576	NO
Q99598	NO
Q99614	NO
Q99623	NO
Q99627	NO
Q99653	NO
Q99683	NO
Q99685	NO
Q99704	NO
Q99707	NO
Q99714	NO
Q99715	NO
Q99719	NO
Q99733	NO
Q99735	NO
Q99747	NO
Q99766	NO
Q99784	NO
Q99798	NO
Q99816	NO
Q99829	NO
Q99832	NO
Q99941	NO
Q99943	NO
Q99959	NO
Q99961	NO
Q99969	NO
Q99972	NO
Q99983	UP
Q99996	NO
Q99999	NO
Q9BPX5	NO
Q9BPX6	NO
Q9BQA1	NO
Q9BQA9	NO
Q9BQE3	NO
Q9BQS8	NO
Q9BR76	NO
Q9BRG1	NO
Q9BRK5	NO
Q9BRP4	NO
Q9BRR6	NO
Q9BRX2	NO
Q9BS26	NO
Q9BSF0	NO
Q9BSF4	NO
Q9BSH5	NO
Q9BSJ2	NO
Q9BSJ8	NO
Q9BSL1	NO
Q9BSQ5	NO
Q9BT78	NO
Q9BTE1	NO
Q9BTV4	NO
Q9BTW9	NO
Q9BUD6	NO
Q9BUF5	NO
Q9BUL8	NO
Q9BUN1	NO
Q9BUN8	NO
Q9BUP3	NO
Q9BUR5	NO
Q9BV40	NO
Q9BVC6	NO
Q9BVK6	NO
Q9BW04	NO
Q9BWH2	NO
Q9BWM7	NO
Q9BWP8	NO
Q9BX10	NO
Q9BX46	NO
Q9BX67	NO
Q9BX68	NO
Q9BXJ4	NO
Q9BXN1	NO
Q9BXR6	NO
Q9BXS5	NO
Q9BXT2	NO
Q9BXX0	NO
Q9BY43	NO
Q9BY67	NO
Q9BYC5	NO
Q9BYE9	DOWN
Q9BYH1	NO
Q9BYI3	NO
Q9BYJ0	NO
Q9BZ67	NO
Q9BZ72	NO
Q9BZF1	NO
Q9BZF9	NO
Q9BZH6	NO
Q9BZL4	NO
Q9BZL6	NO
Q9BZQ8	NO
Q9BZR8	NO
Q9BZV1	NO
Q9C009	NO
Q9C0C9	NO
Q9C0E8	NO
Q9C0H2	NO
Q9C0I1	NO
Q9GZM7	NO
Q9GZP4	NO
Q9GZT8	NO
Q9GZU7	NO
Q9GZY8	NO
Q9GZZ9	NO
Q9H061	NO
Q9H074	NO
Q9H0C2	NO
Q9H0E2	NO
Q9H0N0	NO
Q9H0N5	NO
Q9H0P0	NO
Q9H0R4	NO
Q9H0U3	NO
Q9H0U4	NO
Q9H159	NO
Q9H1B5	NO
Q9H1P3	NO
Q9H1Z4	NO
Q9H209	NO
Q9H223	NO
Q9H251	NO
Q9H257	NO
Q9H267	NO
Q9H269	NO
Q9H270	NO
Q9H299	NO
Q9H2D6	NO
Q9H2G2	NO
Q9H2K8	NO
Q9H2M9	NO
Q9H2U2	NO
Q9H3G5	NO
Q9H3N1	NO
Q9H3P7	NO
Q9H3U1	NO
Q9H3U5	NO
Q9H425	NO
Q9H444	NO
Q9H479	NO
Q9H4A3	NO
Q9H4A6	NO
Q9H4A9	NO
Q9H4B7	NO
Q9H4G4	NO
Q9H4M9	NO
Q9H4X1	NO
Q9H553	NO
Q9H5X1	NO
Q9H6Q3	NO
Q9H6V9	NO
Q9H6X2	UP
Q9H7D0	NO
Q9H7J1	NO
Q9H7M9	NO
Q9H7Z7	NO
Q9H832	NO
Q9H845	NO
Q9H8H3	NO
Q9H8J5	NO
Q9H8L6	NO
Q9H8W4	NO
Q9H8W5	NO
Q9H910	NO
Q9H939	NO
Q9H9A6	NO
Q9H9B4	NO
Q9H9C1	NO
Q9H9E3	NO
Q9H9H4	NO
Q9H9Q2	NO
Q9HA64	NO
Q9HAB8	NO
Q9HAT2	NO
Q9HAV0	NO
Q9HAV7	NO
Q9HB40	NO
Q9HB71	NO
Q9HB90	NO
Q9HBB8	NO
Q9HBH0	NO
Q9HBH5	NO
Q9HBI0	NO
Q9HBI1	NO
Q9HBL0	NO
Q9HBL7	NO
Q9HBR0	NO
Q9HBW9	NO
Q9HC07	NO
Q9HC35	NO
Q9HC38	NO
Q9HC56	NO
Q9HCB6	NO
Q9HCF6	NO
Q9HCL0	NO
Q9HCM2	NO
Q9HCM4	NO
Q9HCN6	NO
Q9HCS4	NO
Q9HCU0	NO
Q9HD20	NO
Q9HD26	NO
Q9HD45	NO
Q9HDC9	NO
Q9NP58	NO
Q9NP72	NO
Q9NP78	NO
Q9NP79	NO
Q9NP80	NO
Q9NPA0	NO
Q9NPF4	NO
Q9NPG4	NO
Q9NPH3	NO
Q9NPI6	NO
Q9NPJ3	NO
Q9NPQ8	NO
Q9NPR2	NO
Q9NPY3	NO
Q9NQ30	NO
Q9NQ75	NO
Q9NQ76	NO
Q9NQ79	NO
Q9NQC3	NO
Q9NQE9	NO
Q9NQT8	NO
Q9NQU5	NO
Q9NQW7	NO
Q9NR12	NO
Q9NR31	NO
Q9NR46	NO
Q9NR50	NO
Q9NR56	NO
Q9NR99	NO
Q9NRA1	NO
Q9NRC6	NO
Q9NRF8	NO
Q9NRG1	NO
Q9NRK6	NO
Q9NRL3	NO
Q9NRN5	NO
Q9NRP0	NO
Q9NRQ2	NO
Q9NRW1	NO
Q9NRW7	NO
Q9NRY5	NO
Q9NRZ7	NO
Q9NS28	NO
Q9NS86	NO
Q9NSD9	NO
Q9NSE4	NO
Q9NT62	NO
Q9NTG1	NO
Q9NTJ4	NO
Q9NTJ5	NO
Q9NTK5	NO
Q9NU22	NO
Q9NUB1	NO
Q9NUJ1	NO
Q9NUY8	NO
Q9NV70	NO
Q9NV96	NO
Q9NVA2	NO
Q9NVE7	NO
Q9NVG8	NO
Q9NVI7	NO
Q9NVJ2	NO
Q9NVK5	NO
Q9NW15	NO
Q9NW64	NO
Q9NW68	NO
Q9NWV4	NO
Q9NWW5	NO
Q9NWZ3	NO
Q9NX40	NO
Q9NX57	NO
Q9NX62	NO
Q9NX63	NO
Q9NX76	NO
Q9NXC2	NO
Q9NXH8	NO
Q9NXL6	NO
Q9NXU5	NO
Q9NY33	NO
Q9NY65	NO
Q9NY97	NO
Q9NYA1	NO
Q9NYB9	NO
Q9NYJ8	NO
Q9NYL2	NO
Q9NYL9	NO
Q9NYQ6	NO
Q9NYQ8	NO
Q9NYU2	NO
Q9NZ08	NO
Q9NZ32	NO
Q9NZ38	NO
Q9NZ43	NO
Q9NZB2	NO
Q9NZJ7	NO
Q9NZL9	NO
Q9NZM3	NO
Q9NZN3	NO
Q9NZN4	NO
Q9NZN5	NO
Q9NZP8	NO
Q9NZQ3	NO
Q9NZR2	NO
Q9NZT2	NO
Q9P035	NO
Q9P0J0	NO
Q9P0L0	NO
Q9P0T7	NO
Q9P126	NO
Q9P1F3	NO
Q9P1Z2	NO
Q9P253	NO
Q9P260	NO
Q9P270	NO
Q9P289	NO
Q9P2E9	NO
Q9P2J5	NO
Q9P2R3	NO
Q9P2R7	NO
Q9P2W9	NO
Q9P2X0	NO
Q9UBB4	NO
Q9UBC2	NO
Q9UBE0	NO
Q9UBF2	NO
Q9UBG0	NO
Q9UBM7	NO
Q9UBN7	NO
Q9UBP4	NO
Q9UBQ5	NO
Q9UBQ6	NO
Q9UBQ7	NO
Q9UBR2	NO
Q9UBS4	NO
Q9UBV8	NO
Q9UBW5	NO
Q9UBW8	NO
Q9UBX1	NO
Q9UBX5	NO
Q9UDT6	NO
Q9UDY2	NO
Q9UEU0	NO
Q9UEW3	NO
Q9UEW8	NO
Q9UEY8	NO
Q9UFH2	NO
Q9UFN0	NO
Q9UGM5	NO
Q9UGP4	NO
Q9UH62	NO
Q9UH92	NO
Q9UHA4	NO
Q9UHB6	NO
Q9UHB7	NO
Q9UHD2	NO
Q9UHD8	NO
Q9UHF5	NO
Q9UHG3	NO
Q9UHI8	NO
Q9UHL4	NO
Q9UHQ4	NO
Q9UHQ9	NO
Q9UHV9	NO
Q9UHY1	NO
Q9UI09	NO
Q9UI10	NO
Q9UI12	NO
Q9UIA9	NO
Q9UIB8	NO
Q9UID3	NO
Q9UIJ7	NO
Q9UIQ6	NO
Q9UJ41	NO
Q9UJ70	NO
Q9UJC5	NO
Q9UJJ9	NO
Q9UJS0	NO
Q9UJU6	NO
Q9UJW0	NO
Q9UJX3	NO
Q9UJZ1	NO
Q9UK05	NO
Q9UK41	NO
Q9UK55	NO
Q9UKA9	NO
Q9UKE5	NO
Q9UKG1	NO
Q9UKG9	NO
Q9UKJ5	NO
Q9UKM7	NO
Q9UKN8	NO
Q9UKT6	NO
Q9UKU6	DOWN
Q9UKU7	NO
Q9UKU9	NO
Q9UKW4	NO
Q9UKZ9	NO
Q9UL16	NO
Q9UL25	NO
Q9UL46	NO
Q9ULA0	NO
Q9ULC5	NO
Q9ULH1	NO
Q9ULI3	NO
Q9ULL4	NO
Q9ULQ0	NO
Q9ULV0	NO
Q9ULV4	NO
Q9UM47	NO
Q9UMR2	NO
Q9UMS0	NO
Q9UMX0	NO
Q9UN19	NO
Q9UN37	NO
Q9UN70	NO
Q9UN86	NO
Q9UNF0	NO
Q9UNF1	NO
Q9UNH7	NO
Q9UNK0	NO
Q9UNM6	NO
Q9UNN8	NO
Q9UNS2	NO
Q9UNW1	NO
Q9UNZ2	NO
Q9UP79	NO
Q9UPN3	NO
Q9UPN7	NO
Q9UPT5	NO
Q9UPU5	NO
Q9UPV0	NO
Q9UPY3	NO
Q9UPY6	NO
Q9UQ16	NO
Q9UQ80	NO
Q9UQN3	NO
Q9Y210	NO
Q9Y230	NO
Q9Y240	NO
Q9Y251	NO
Q9Y262	NO
Q9Y263	NO
Q9Y265	NO
Q9Y266	NO
Q9Y274	NO
Q9Y277	NO
Q9Y279	NO
Q9Y285	NO
Q9Y287	NO
Q9Y2A7	NO
Q9Y2D9	NO
Q9Y2G3	NO
Q9Y2G8	NO
Q9Y2I8	NO
Q9Y2J2	NO
Q9Y2L5	NO
Q9Y2L6	NO
Q9Y2Q0	NO
Q9Y2Q3	NO
Q9Y2Q5	NO
Q9Y2T2	NO
Q9Y2X7	NO
Q9Y2Z0	NO
Q9Y305	NO
Q9Y315	NO
Q9Y333	NO
Q9Y343	NO
Q9Y371	NO
Q9Y376	NO
Q9Y385	NO
Q9Y394	NO
Q9Y3A3	NO
Q9Y3A5	NO
Q9Y3A6	NO
Q9Y3B3	NO
Q9Y3C0	NO
Q9Y3C5	NO
Q9Y3E0	NO
Q9Y3E5	NO
Q9Y3F4	NO
Q9Y3I0	NO
Q9Y3I1	NO
Q9Y3M9	NO
Q9Y3P9	NO
Q9Y3Q3	NO
Q9Y3Q8	NO
Q9Y450	NO
Q9Y478	NO
Q9Y487	NO
Q9Y490	NO
Q9Y4D1	NO
Q9Y4D8	NO
Q9Y4E8	NO
Q9Y4F9	NO
Q9Y4G6	NO
Q9Y4G8	NO
Q9Y4H2	NO
Q9Y4H4	NO
Q9Y4I1	NO
Q9Y4K3	NO
Q9Y4L1	NO
Q9Y4W6	NO
Q9Y512	NO
Q9Y570	NO
Q9Y587	NO
Q9Y5C1	NO
Q9Y5J7	NO
Q9Y5K5	NO
Q9Y5K6	NO
Q9Y5M8	NO
Q9Y5P4	NO
Q9Y5P6	NO
Q9Y5Q8	NO
Q9Y5S2	NO
Q9Y5U9	NO
Q9Y5X1	NO
Q9Y5X2	NO
Q9Y5X3	NO
Q9Y5X9	NO
Q9Y5Y0	NO
Q9Y5Y2	NO
Q9Y5Y7	NO
Q9Y608	NO
Q9Y613	NO
Q9Y619	NO
Q9Y623	NO
Q9Y624	NO
Q9Y646	NO
Q9Y673	NO
Q9Y678	NO
Q9Y696	NO
Q9Y6A5	NO
Q9Y6A9	NO
Q9Y6C2	NO
Q9Y6C9	NO
Q9Y6D5	NO
Q9Y6D6	NO
Q9Y6E0	NO
Q9Y6E2	NO
Q9Y6F6	NO
Q9Y6G9	NO
Q9Y6I3	NO
Q9Y6I9	NO
Q9Y6K9	NO
Q9Y6M4	NO
Q9Y6N5	NO
Q9Y6R7	NO
Q9Y6V0	NO
Q9Y6W5	NO
Q9Y6Y8	NO
Q9Y6Z7	NO
A0A024R1R8	NO
A0A075B6H7	NO
A0A075B6H9	NO
A0A075B6I6	NO
A0A075B6R2	NO
A0A087WSY4	NO
A0A0B4J1X8	NO
A0A0B4J264	NO
A0A0B4J275	NO
A0A0C4DH39	NO
A0A0C4DH41	NO
A0A1B0GTC6	NO
A8MU46	NO
A8MVW5	UP
F8WCM5	NO
O00175	NO
O00241	NO
O00244	NO
O00329	NO
O00451	NO
O00481	NO
O00584	NO
O00585	NO
O14558	NO
O14793	NO
O14960	DOWN
O15072	NO
O15118	NO
O15240	NO
O15335	NO
O15354	NO
O15360	NO
O15381	NO
O15394	NO
O15444	NO
O15467	NO
O15480	NO
O43143	NO
O43278	NO
O43567	NO
O43653	NO
O43692	NO
O43768	NO
O43795	NO
O43915	NO
O60237	NO
O60242	NO
O60312	NO
O60437	NO
O60667	NO
O60883	NO
O60888	NO
O60911	NO
O75023	NO
O75037	NO
O75093	NO
O75112	NO
O75143	NO
O75223	NO
O75342	NO
O75347	NO
O75503	NO
O75509	NO
O75629	NO
O75635	NO
O75691	NO
O75884	NO
O76011	NO
O76070	NO
O76096	NO
O94772	NO
O95255	NO
O95274	NO
O95450	NO
O95867	NO
O95969	NO
O95980	NO
O95998	NO
P00441	NO
P00533	NO
P00995	NO
P01034	NO
P01127	NO
P01215	NO
P01225	NO
P01350	NO
P01703	NO
P01732	NO
P01762	NO
P01767	NO
P01824	NO
P02144	NO
P02458	NO
P02724	NO
P02778	NO
P02795	NO
P02810	NO
P03973	NO
P04054	NO
P04083	NO
P04085	NO
P04118	NO
P04216	NO
P04233	NO
P05019	NO
P05026	NO
P05089	NO
P05114	NO
P05186	NO
P05413	NO
P05451	NO
P05787	NO
P05997	NO
P06213	NO
P06315	NO
P06454	NO
P06734	NO
P06748	NO
P06870	NO
P07108	NO
P07305	NO
P07311	NO
P07355	NO
P07451	NO
P07477	NO
P07911	NO
P07998	NO
P08123	NO
P08174	NO
P08217	NO
P08572	NO
P08581	UP
P08590	NO
P08887	NO
P09228	NO
P09326	NO
P09429	NO
P09668	NO
P09681	NO
P09958	NO
P0CG34	NO
P0DMQ5	NO
P0DOY3	NO
P0DP06	NO
P0DP07	UP
P0DP57	NO
P0DTE7	NO
P10153	NO
P10163	NO
P10747	NO
P10912	NO
P11684	NO
P12104	NO
P12107	NO
P12314	NO
P12318	NO
P12724	NO
P12872	NO
P13473	NO
P13521	NO
P13535	NO
P13688	NO
P14174	NO
P14207	NO
P14555	NO
P14621	NO
P14778	NO
P15090	NO
P15502	NO
P15509	NO
P15529	NO
P15907	NO
P16234	NO
P16401	NO
P16581	NO
P16949	NO
P17181	NO
P17213	NO
P17661	NO
P17813	NO
P17900	NO
P17927	NO
P18065	UP
P18827	NO
P19237	NO
P19438	NO
P19875	NO
P19876	NO
P19957	NO
P20023	NO
P20042	NO
P20061	NO
P20138	NO
P20226	NO
P20333	NO
P20472	NO
P20827	NO
P20929	NO
P20930	NO
P21583	NO
P21741	NO
P21757	NO
P21802	NO
P21817	NO
P21860	NO
P22307	NO
P22455	NO
P22607	NO
P22735	NO
P23327	NO
P23497	NO
P24158	NO
P24530	NO
P24666	NO
P25116	NO
P25445	NO
P25815	NO
P25940	NO
P26583	NO
P26718	NO
P26992	NO
P27469	NO
P27482	NO
P27930	NO
P28300	NO
P28799	NO
P28845	NO
P28906	NO
P29508	NO
P29966	NO
P31025	NO
P31944	NO
P31947	NO
P31949	NO
P32241	NO
P32780	NO
P32881	NO
P32926	NO
P32971	NO
P33241	NO
P35247	NO
P35318	NO
P35609	NO
P35754	NO
P35900	NO
P35968	NO
P36578	NO
P36896	NO
P37173	NO
P39900	NO
P40199	NO
P40200	NO
P40225	NO
P41271	NO
P41439	NO
P42081	NO
P42357	NO
P42702	NO
P42766	NO
P42857	NO
P45877	NO
P47914	NO
P47929	NO
P48061	NO
P48304	NO
P48357	NO
P48551	NO
P48745	NO
P49006	NO
P49356	NO
P50120	NO
P50281	NO
P51397	NO
P51460	NO
P51512	NO
P51858	NO
P51888	NO
P52565	NO
P52758	NO
P52799	NO
P52943	NO
P52948	NO
P53804	NO
P53999	NO
P54108	NO
P54710	NO
P54826	NO
P55259	NO
P55263	NO
P55773	NO
P55774	NO
P56159	NO
P56199	NO
P56211	NO
P58062	NO
P59665	NO
P60022	NO
P61289	NO
P61916	NO
P61960	NO
P62424	NO
P62487	NO
P62750	NO
P62942	NO
P63173	NO
P63313	NO
P67870	NO
P69892	NO
P78324	NO
P78357	NO
P78423	NO
P78527	NO
P78536	NO
P78552	NO
P80370	NO
P80511	NO
P81172	NO
P81605	NO
P83731	NO
P84157	NO
P98172	NO
Q00688	NO
Q00872	NO
Q01459	NO
Q01469	NO
Q01523	NO
Q01546	NO
Q01973	NO
Q01995	NO
Q02223	NO
Q02383	NO
Q02747	NO
Q03167	NO
Q03403	NO
Q03405	NO
Q06141	NO
Q06418	NO
Q07020	NO
Q07075	NO
Q07092	NO
Q07157	NO
Q07654	NO
Q08188	NO
Q08397	NO
Q08499	NO
Q08554	NO
Q08ET2	NO
Q09327	NO
Q09666	NO
Q0D2K0	NO
Q0VAF6	NO
Q10589	NO
Q12866	NO
Q13291	NO
Q13308	NO
Q13393	NO
Q13433	NO
Q13442	NO
Q13443	NO
Q13449	NO
Q13508	NO
Q13523	NO
Q13541	NO
Q13797	NO
Q13835	NO
Q13939	NO
Q14011	NO
Q14159	NO
Q14242	NO
Q14314	NO
Q14315	NO
Q14324	NO
Q14376	NO
Q14683	NO
Q14696	NO
Q14982	NO
Q14997	NO
Q14CN2	NO
Q14CX7	NO
Q15043	NO
Q15223	NO
Q15323	NO
Q15417	NO
Q15465	NO
Q15517	NO
Q15828	NO
Q15843	NO
Q15847	NO
Q16288	NO
Q16537	NO
Q16581	NO
Q16620	NO
Q16627	NO
Q16651	NO
Q16663	NO
Q16787	NO
Q16819	NO
Q16849	NO
Q1L6U9	NO
Q2M1P5	NO
Q3SY84	NO
Q3T906	NO
Q4G0P3	NO
Q4KMG0	NO
Q4ZHG4	NO
Q53GG5	NO
Q53RT3	NO
Q58A45	NO
Q5C9Z4	NO
Q5DT21	NO
Q5JXA9	NO
Q5KU26	NO
Q5SY68	NO
Q5T0W9	NO
Q5T2D2	NO
Q5T749	NO
Q5T750	NO
Q5TFQ8	NO
Q5VST9	NO
Q5VT25	NO
Q5XKE5	NO
Q5ZPR3	NO
Q68BL7	NO
Q68CJ9	NO
Q68D85	NO
Q69YH5	NO
Q6EEV4	NO
Q6FHJ7	NO
Q6GPI1	NO
Q6GTX8	NO
Q6JBY9	NO
Q6JQN1	NO
Q6KB66	NO
Q6NT04	NO
Q6NUS6	NO
Q6NV74	NO
Q6P093	NO
Q6P158	NO
Q6QNK2	NO
Q6T310	NO
Q6ULP2	NO
Q6UW78	NO
Q6UWK7	NO
Q6UWP8	NO
Q6UX27	NO
Q6UXB2	NO
Q6UXB4	NO
Q6UXF1	NO
Q6UXI7	NO
Q6WN34	NO
Q6ZMJ2	NO
Q6ZP82	NO
Q6ZVX7	NO
Q76M96	NO
Q7KYR7	NO
Q7Z3B1	NO
Q7Z3J2	NO
Q7Z422	NO
Q7Z6M3	NO
Q7Z794	NO
Q7Z7M9	NO
Q86UA1	NO
Q86UX2	NO
Q86VB7	DOWN
Q86VG3	NO
Q86WC4	NO
Q86WG5	NO
Q86X24	NO
Q86XI2	NO
Q86Y97	NO
Q86YD3	NO
Q86YT9	NO
Q8IUA7	NO
Q8IVF2	NO
Q8IVW4	NO
Q8IW19	NO
Q8IW75	NO
Q8IWU5	NO
Q8IWV2	NO
Q8IX07	NO
Q8IXT1	NO
Q8IYJ0	NO
Q8IYS5	NO
Q8IZP9	UP
Q8N0Z9	NO
Q8N114	NO
Q8N149	NO
Q8N1F7	NO
Q8N2W9	NO
Q8N386	NO
Q8N3J6	NO
Q8N556	NO
Q8N6C8	NO
Q8N6Y0	NO
Q8N7A1	NO
Q8N9V7	NO
Q8NBJ5	NO
Q8NC54	NO
Q8NCM8	NO
Q8NE62	NO
Q8NEA6	NO
Q8NET6	NO
Q8NFT8	NO
Q8TAG5	NO
Q8TAT5	NO
Q8TAX7	NO
Q8TCA0	NO
Q8TCV5	NO
Q8TCZ2	NO
Q8TD26	NO
Q8TD30	NO
Q8TD46	NO
Q8TDQ0	NO
Q8TDY8	NO
Q8TF21	NO
Q8WUH6	NO
Q8WVN6	NO
Q8WVV4	NO
Q8WW12	NO
Q8WW38	NO
Q8WWI1	NO
Q8WXD2	NO
Q8WZ75	NO
Q92542	NO
Q92583	NO
Q92597	NO
Q92611	NO
Q92626	NO
Q92797	NO
Q92887	NO
Q92956	NO
Q93070	DOWN
Q93091	NO
Q969E1	NO
Q969Q1	NO
Q969X1	NO
Q969Z4	NO
Q96A61	NO
Q96B86	NO
Q96BQ1	NO
Q96BZ4	NO
Q96CM8	NO
Q96DA0	NO
Q96DM1	NO
Q96DR8	NO
Q96EH3	NO
Q96FJ2	NO
Q96GW7	NO
Q96JP2	NO
Q96LT7	NO
Q96M53	NO
Q96M83	NO
Q96MG2	NO
Q96MU8	NO
Q96P63	NO
Q96PI1	NO
Q96Q06	NO
Q96QA5	NO
Q96QR1	NO
Q96RP7	NO
Q96RT8	NO
Q96SK3	NO
Q99518	NO
Q99549	NO
Q99593	NO
Q99650	NO
Q99952	NO
Q9BQ51	NO
Q9BQB4	NO
Q9BQT9	NO
Q9BRA2	NO
Q9BT09	NO
Q9BUI4	NO
Q9BUJ2	NO
Q9BW30	NO
Q9BWV1	NO
Q9BZC7	NO
Q9BZD6	NO
Q9C075	NO
Q9C0I3	NO
Q9GZT6	NO
Q9GZZ8	NO
Q9H098	NO
Q9H0X4	NO
Q9H1U4	NO
Q9H254	NO
Q9H2A7	NO
Q9H2T7	NO
Q9H2X3	NO
Q9H336	NO
Q9H497	NO
Q9H4F8	NO
Q9H4L5	NO
Q9H5L6	NO
Q9H665	NO
Q9H6Z4	NO
Q9H756	NO
Q9H8Y8	NO
Q9H9K5	NO
Q9HAS0	NO
Q9HCP6	NO
Q9HCY8	NO
Q9NNX6	NO
Q9NP55	NO
Q9NP84	NO
Q9NPF0	NO
Q9NQ25	NO
Q9NQ38	NO
Q9NQS3	NO
Q9NRB3	NO
Q9NRR1	NO
Q9NS23	NO
Q9NS62	NO
Q9NS71	NO
Q9NS73	NO
Q9NSB4	NO
Q9NSC7	NO
Q9NT99	NO
Q9NTU7	NO
Q9NU53	NO
Q9NUM4	NO
Q9NUW8	NO
Q9NWZ5	NO
Q9NXG0	NO
Q9NY47	NO
Q9NY72	NO
Q9NYV7	NO
Q9NZT1	NO
Q9P015	NO
Q9P0S2	NO
Q9P121	NO
Q9P232	NO
Q9P2N6	NO
Q9UBF8	NO
Q9UBU2	NO
Q9UBX7	NO
Q9UEE5	NO
Q9UGM3	NO
Q9UJW2	NO
Q9UK12	NO
Q9UK23	NO
Q9UK76	NO
Q9UKJ1	NO
Q9UKQ2	NO
Q9UKT9	NO
Q9UKX2	NO
Q9UKY7	NO
Q9UL68	NO
Q9ULC0	NO
Q9ULC6	NO
Q9ULF5	NO
Q9ULK6	NO
Q9ULT8	NO
Q9UM22	NO
Q9UQV4	NO
Q9Y286	NO
Q9Y2G1	NO
Q9Y2H0	NO
Q9Y2V2	NO
Q9Y2V7	NO
Q9Y4P8	NO
Q9Y5Q9	NO
Q9Y653	NO
Q9Y6F8	DOWN
Q9Y6Y9	NO
A0A075B6I1	NO
A0A075B6J1	NO
A0A075B6J6	NO
A0A075B6S9	NO
A0A0B4J1U3	NO
A0A0B4J240	NO
A0A0C4DH30	NO
A0A0C4DH32	NO
A0A0C4DH55	NO
A2NJV5	NO
A4D126	NO
A8K2U0	NO
O00292	NO
O00294	NO
O00423	NO
O00541	NO
O00762	NO
O15021	NO
O15417	NO
O43194	NO
O60306	NO
O75127	NO
O75147	NO
O75387	NO
O75445	NO
O75594	NO
O75828	NO
O75962	NO
O76076	NO
O95428	NO
P01601	NO
P01624	NO
P01699	NO
P01893	NO
P01903	NO
P04155	NO
P06310	NO
P06331	NO
P07711	NO
P07738	NO
P07988	NO
P08236	NO
P08582	NO
P08861	NO
P09455	NO
P09525	NO
P0C0S5	NO
P0CG04	NO
P0CG23	NO
P0DOX6	NO
P12277	NO
P13928	NO
P14384	NO
P15104	NO
P17931	NO
P18583	NO
P19961	NO
P20062	NO
P20142	NO
P20700	NO
P20933	NO
P21709	NO
P22626	NO
P22894	NO
P23280	NO
P23396	NO
P24298	NO
P24387	NO
P30046	NO
P30086	NO
P32754	NO
P34096	NO
P35498	NO
P35590	NO
P36222	NO
P37023	NO
P42226	NO
P42785	NO
P47895	NO
P49802	NO
P52848	NO
P53794	NO
P54707	NO
P54802	NO
P58004	NO
P58107	NO
P60763	NO
P61088	NO
P63167	NO
Q01484	NO
Q01581	NO
Q03468	NO
Q0VAA2	NO
Q12794	NO
Q12864	NO
Q13228	NO
Q13231	NO
Q13332	NO
Q13488	NO
Q14397	NO
Q14651	NO
Q15121	NO
Q15233	NO
Q15751	NO
Q32P41	NO
Q3B7T1	NO
Q49AJ0	NO
Q4G148	NO
Q58FF7	NO
Q59EK9	NO
Q5H9F3	NO
Q5MNV8	NO
Q5SQS7	NO
Q5SY80	NO
Q5TDH0	NO
Q5TID7	NO
Q5VU43	NO
Q5VU97	NO
Q5XPI4	NO
Q6GTS8	NO
Q6IE37	NO
Q6NUK4	NO
Q6P7N7	NO
Q6W2J9	NO
Q6ZMS4	NO
Q6ZSZ6	NO
Q7L0X0	NO
Q7RTV2	NO
Q7Z2Y5	NO
Q7Z3Y8	NO
Q7Z4R8	NO
Q7Z6P3	NO
Q7Z7M0	NO
Q86VI3	NO
Q86WK7	NO
Q8IXJ9	NO
Q8IZF0	NO
Q8IZT6	NO
Q8N1I0	NO
Q8N608	NO
Q8N6D5	NO
Q8N6R0	NO
Q8N7Z5	NO
Q8ND82	NO
Q8NEM8	NO
Q8NEV4	NO
Q8NEZ3	NO
Q8NHP7	NO
Q8TBY0	NO
Q8TBZ0	NO
Q8TCB0	NO
Q8TF40	NO
Q8WWQ0	NO
Q8WZ60	NO
Q93088	NO
Q96A83	NO
Q96DE0	NO
Q96HD1	NO
Q96JB1	NO
Q96KC2	NO
Q96KG7	NO
Q96L46	NO
Q96PX9	NO
Q99684	NO
Q99759	NO
Q9BQ13	NO
Q9BQ50	NO
Q9BQI6	NO
Q9BRK3	NO
Q9BRX8	NO
Q9BTU6	NO
Q9BTY2	NO
Q9BVV2	NO
Q9BW27	NO
Q9BWT7	NO
Q9BX93	NO
Q9BZW7	NO
Q9C0D0	NO
Q9H093	NO
Q9H596	NO
Q9H8S9	NO
Q9HD89	NO
Q9NXZ2	NO
Q9NY15	NO
Q9NYW8	NO
Q9NZC7	NO
Q9NZD4	NO
Q9NZK5	NO
Q9P0X4	NO
Q9P2D7	NO
Q9P2S5	NO
Q9P2X7	NO
Q9UBB9	NO
Q9UBH0	NO
Q9UBQ0	NO
Q9UH64	NO
Q9UJC3	NO
Q9UKX5	NO
Q9ULZ3	NO
Q9Y2I9	NO
Q9Y3C1	NO
Q9Y4D7	NO
Q9Y5L0	NO
Q9Y5Z4	NO
A0A0A0MRZ8	NO
A0A0C4DH72	DOWN
A4QPB2	NO
A4QPH2	NO
A5PLN7	NO
A6NE02	NO
A6NGU5	NO
A6NH11	NO
A6NMZ7	NO
A8K7I4	NO
A8K855	NO
B2RNN3	NO
B2RTY4	NO
B9A064	NO
C9JJ37	NO
C9JLR9	NO
O00213	NO
O00308	NO
O00339	NO
O00462	NO
O00469	NO
O00602	NO
O00757	NO
O00764	NO
O14562	NO
O14598	NO
O14607	NO
O14638	NO
O14657	NO
O14737	NO
O15085	NO
O15123	NO
O15217	NO
O15315	NO
O15466	NO
O15498	NO
O15530	NO
O43167	NO
O43280	NO
O43293	NO
O43379	NO
O43405	NO
O43451	NO
O43572	NO
O43827	NO
O43916	NO
O60235	NO
O60330	NO
O60336	NO
O60449	NO
O60641	NO
O60760	NO
O60814	NO
O60844	NO
O75038	NO
O75051	NO
O75063	NO
O75077	NO
O75094	NO
O75326	NO
O75343	NO
O75354	NO
O75436	NO
O75818	NO
O75832	NO
O75969	NO
O76054	NO
O94766	NO
O94851	NO
O94854	NO
O94903	NO
O94933	NO
O95067	NO
O95342	NO
O95389	NO
O95393	NO
O95394	NO
O95433	NO
O95490	NO
O95502	NO
O95714	NO
O95822	NO
O95861	NO
O95865	NO
O95881	NO
O95989	NO
O95996	NO
P00480	NO
P01236	NO
P01857	DOWN
P01911	NO
P02771	NO
P02792	NO
P02794	NO
P03971	NO
P04062	NO
P04350	NO
P04440	NO
P04746	NO
P05120	NO
P05455	NO
P06703	NO
P06730	NO
P06731	NO
P07327	NO
P07949	NO
P08133	NO
P08254	NO
P08397	NO
P08473	NO
P08833	NO
P09093	NO
P09210	NO
P09467	NO
P09488	NO
P09972	NO
P0C7N4	NO
P0C7W6	NO
P0CG29	NO
P10114	NO
P10253	NO
P13612	NO
P13693	NO
P14550	NO
P15085	NO
P15086	NO
P15121	NO
P15289	NO
P15311	NO
P15374	NO
P16083	UP
P16233	NO
P16444	NO
P17039	NO
P17050	NO
P17405	NO
P17538	NO
P17540	NO
P17643	NO
P18564	NO
P18627	NO
P20036	NO
P20160	NO
P20231	NO
P20908	NO
P21266	NO
P21549	NO
P22303	NO
P22413	NO
P22748	NO
P23468	NO
P24855	NO
P26006	NO
P27658	NO
P28161	NO
P30520	NO
P30711	NO
P31415	NO
P32455	NO
P34059	NO
P34130	NO
P34982	NO
P35052	NO
P35244	NO
P35558	NO
P36269	NO
P36405	NO
P36956	NO
P39687	NO
P40121	NO
P41159	NO
P45985	NO
P46108	NO
P46926	NO
P47736	NO
P47972	NO
P48052	NO
P48147	NO
P48739	NO
P49441	NO
P49589	NO
P49773	NO
P49840	NO
P50053	NO
P50461	NO
P50748	NO
P50895	NO
P50897	NO
P50993	NO
P51161	UP
P51580	NO
P51610	NO
P51825	NO
P52790	NO
P52888	NO
P53370	NO
P53582	NO
P53602	NO
P53667	NO
P54198	NO
P54296	NO
P54760	NO
P54764	NO
P54922	NO
P55327	NO
P55899	NO
P56537	NO
P56945	NO
P56975	NO
P58215	NO
P58499	NO
P59095	NO
P59923	NO
P61081	NO
P61086	NO
P63279	NO
P68133	NO
P78330	NO
P78386	NO
P78504	NO
P83110	NO
P84077	NO
P84085	NO
P98066	NO
Q00169	NO
Q00796	NO
Q02742	NO
Q02790	NO
Q02817	NO
Q04118	NO
Q05513	NO
Q06278	NO
Q07283	NO
Q07812	NO
Q08345	NO
Q08623	NO
Q08752	NO
Q09328	NO
Q0VDG4	NO
Q10469	NO
Q10713	NO
Q11206	NO
Q12894	NO
Q12974	NO
Q13057	NO
Q13233	NO
Q13237	NO
Q13275	NO
Q13287	NO
Q13421	NO
Q13882	NO
Q14103	NO
Q14195	NO
Q14563	NO
Q14749	NO
Q14914	NO
Q14C87	NO
Q15027	NO
Q15061	NO
Q15102	NO
Q15181	NO
Q15303	NO
Q15375	NO
Q15797	NO
Q15818	NO
Q15819	NO
Q16394	NO
Q16513	NO
Q16674	NO
Q16774	NO
Q1L5Z9	NO
Q24JP5	NO
Q2M3X9	NO
Q2Q1W2	NO
Q495W5	NO
Q502W7	NO
Q504Y2	NO
Q53FT3	NO
Q53H82	NO
Q562E7	NO
Q58WW2	NO
Q5FWF5	NO
Q5JS37	NO
Q5JVG2	NO
Q5R3I4	NO
Q5SRI9	NO
Q5T655	NO
Q5T6C5	NO
Q5THJ4	NO
Q5TZA2	NO
Q5U651	NO
Q5VTT5	NO
Q5VUB5	NO
Q5VUY0	NO
Q5VW32	NO
Q69YQ0	NO
Q6GMV2	NO
Q6GMV3	NO
Q6IF00	NO
Q6KF10	NO
Q6N069	NO
Q6NVV9	NO
Q6P087	NO
Q6P2S7	NO
Q6P3S1	NO
Q6P4F7	NO
Q6P4R8	NO
Q6P988	NO
Q6PI73	NO
Q6UB98	NO
Q6UXH9	NO
Q6UXI9	NO
Q6UXK5	NO
Q6UXM1	NO
Q6UXU0	NO
Q6ZMI3	NO
Q6ZNB6	NO
Q6ZSZ5	NO
Q6ZUB1	NO
Q6ZV29	NO
Q7L099	NO
Q7RTW8	NO
Q7Z2Q7	NO
Q7Z408	NO
Q7Z494	NO
Q7Z4G4	DOWN
Q7Z5M8	NO
Q7Z5N4	NO
Q86SF2	NO
Q86T90	NO
Q86UN2	NO
Q86VZ4	NO
Q86Y79	NO
Q86YB8	NO
Q86YR5	NO
Q8IU60	NO
Q8IUZ5	NO
Q8IV08	NO
Q8IW52	NO
Q8IWB9	NO
Q8IWK6	NO
Q8IWL1	NO
Q8IX30	NO
Q8IYJ1	NO
Q8IYY4	NO
Q8N0V5	NO
Q8N0W4	NO
Q8N1Q1	NO
Q8N2X6	NO
Q8N3T6	UP
Q8N423	NO
Q8N4A0	NO
Q8N4F0	NO
Q8N5R6	NO
Q8N6M5	NO
Q8N6Q3	NO
Q8N7P1	NO
Q8N8Z6	NO
Q8N9L7	NO
Q8NA56	NO
Q8NC42	NO
Q8NCC3	NO
Q8NCL4	NO
Q8NCW5	NO
Q8NFY4	NO
Q8NG31	NO
Q8NGA1	NO
Q8NGM9	NO
Q8NHP8	NO
Q8TAB3	NO
Q8TAF7	NO
Q8TAQ2	NO
Q8TAV4	NO
Q8TB96	NO
Q8TBC4	NO
Q8TBF2	NO
Q8TCF1	NO
Q8TDM6	NO
Q8TDN1	NO
Q8TED9	NO
Q8TEM1	NO
Q8TEU8	NO
Q8WTT2	NO
Q8WTU2	NO
Q8WUM0	NO
Q8WVQ1	NO
Q8WW52	NO
Q8WYN0	NO
Q92530	NO
Q92692	NO
Q92854	NO
Q92876	NO
Q92896	NO
Q92995	NO
Q93033	NO
Q93063	NO
Q93096	NO
Q93098	NO
Q969H8	NO
Q969P0	NO
Q96A00	NO
Q96BA8	NO
Q96BN8	NO
Q96C23	NO
Q96CG8	NO
Q96DG6	NO
Q96DZ1	NO
Q96EG1	NO
Q96EK6	NO
Q96EQ0	NO
Q96F85	NO
Q96FN5	NO
Q96GD0	NO
Q96GG9	NO
Q96GR2	NO
Q96H79	NO
Q96HA1	NO
Q96IY1	NO
Q96J65	NO
Q96J88	NO
Q96JW4	NO
Q96M89	NO
Q96MK3	NO
Q96N76	NO
Q96NB1	NO
Q96NG5	NO
Q96PD2	NO
Q96Q45	NO
Q96RK0	NO
Q96RW7	NO
Q96S44	NO
Q96SL1	NO
Q96TA1	NO
Q99102	NO
Q99459	NO
Q99538	NO
Q99728	NO
Q99729	NO
Q9BPZ7	NO
Q9BQS7	NO
Q9BRF8	NO
Q9BRP8	NO
Q9BS40	NO
Q9BSA9	NO
Q9BSI4	NO
Q9BSW7	NO
Q9BUJ0	NO
Q9BV20	NO
Q9BV36	NO
Q9BVG4	NO
Q9BWD1	NO
Q9BWS9	NO
Q9BXJ0	NO
Q9BXX3	NO
Q9BXY5	NO
Q9BY12	NO
Q9BY44	NO
Q9BY76	NO
Q9BYX7	NO
Q9BYZ8	NO
Q9BZ29	NO
Q9C0B7	NO
Q9C0C4	NO
Q9C0D6	NO
Q9C0H5	NO
Q9GZN8	NO
Q9H008	NO
Q9H089	NO
Q9H0T7	NO
Q9H0W9	NO
Q9H2E6	NO
Q9H2H8	NO
Q9H2J7	NO
Q9H3U7	NO
Q9H446	NO
Q9H4A4	NO
Q9H4B0	NO
Q9H4B8	NO
Q9H583	NO
Q9H609	NO
Q9H792	NO
Q9H7Y0	NO
Q9H993	NO
Q9H9F9	NO
Q9HAP2	NO
Q9HAW4	NO
Q9HCK0	NO
Q9HCK4	NO
Q9HCM3	NO
Q9HD42	NO
Q9NPF2	NO
Q9NQR4	NO
Q9NR34	NO
Q9NR71	NO
Q9NRP4	NO
Q9NRV9	NO
Q9NS98	NO
Q9NT22	NO
Q9NTN9	NO
Q9NUQ9	NO
Q9NUU7	NO
Q9NUZ1	NO
Q9NVH2	NO
Q9NWX6	NO
Q9NX36	NO
Q9NYH9	NO
Q9NZD2	NO
Q9NZE8	NO
Q9NZU0	NO
Q9P0K7	NO
Q9P0N8	NO
Q9P1U1	NO
Q9P1Z9	NO
Q9P281	NO
Q9P2B2	NO
Q9P2T1	NO
Q9UBR1	NO
Q9UBX0	NO
Q9UDX3	NO
Q9UFP1	NO
Q9UGK8	NO
Q9UGT4	NO
Q9UHD1	NO
Q9UHJ6	NO
Q9UHN6	NO
Q9UHY7	NO
Q9UI17	NO
Q9UI42	NO
Q9UIG0	NO
Q9UIL8	NO
Q9UIW2	NO
Q9UJ14	NO
Q9UJA9	NO
Q9UKF7	NO
Q9UKK9	NO
Q9UKL3	NO
Q9UKN7	NO
Q9UKV8	NO
Q9ULB1	NO
Q9ULC4	NO
Q9ULD4	NO
Q9ULI1	NO
Q9UMF0	NO
Q9UMX5	NO
Q9UMY4	NO
Q9UPS8	NO
Q9UPV7	NO
Q9UPZ6	NO
Q9UQ52	NO
Q9UQP3	NO
Q9Y2E5	NO
Q9Y2T3	NO
Q9Y316	NO
Q9Y3C6	NO
Q9Y4C0	NO
Q9Y5L5	NO
Q9Y5Q0	NO
Q9Y5Y6	NO
Q9Y617	NO
Q9Y6N7	NO
Q9NQ94	NO
Q9NRG9	NO
Q6PD74	NO
Q9H7C9	NO
Q9BTE6	NO
Q4L235	NO
Q2M3G0	NO
Q09428	NO
Q9UG63	NO
Q9NUQ8	NO
Q8WTS1	NO
Q96I13	NO
P00519	NO
O94929	NO
P16442	NO
Q8N0Z2	NO
Q8N6N7	NO
Q9BYF1	NO
Q9UKV3	NO
P15309	NO
Q9NPH0	NO
Q8NEB7	NO
P26436	NO
Q08AH1	NO
Q6NUN0	NO
P63267	NO
Q96HD9	NO
O43184	NO
Q13444	NO
Q9P0K1	NO
P78325	NO
Q8TE58	NO
O75173	NO
Q6ZMM2	NO
P00813	NO
O60266	NO
O95622	NO
P41586	NO
Q8N7X0	NO
Q96PE1	NO
O14514	NO
Q14246	NO
Q9UHX3	NO
Q9BY15	NO
Q8IZF7	NO
Q8IZF3	NO
Q86Y34	NO
Q8WXG9	NO
Q9BV57	NO
Q8N4X5	NO
Q8NB90	NO
Q96P47	NO
2	NO
Q5U5Z8	NO
Q15109	NO
O95994	NO
O00253	NO
Q8N157	NO
Q719I0	NO
Q96BJ3	NO
Q9BQI0	NO
P55008	NO
C9J069	NO
P27144	NO
Q96M32	NO
Q9UKA4	NO
Q12802	NO
Q86UN6	NO
Q9Y2D5	NO
P24588	NO
O43687	NO
O43823	NO
Q5T1N1	NO
O60218	NO
P17516	NO
Q8NHP1	NO
Q96B36	NO
Q9Y243	NO
P13196	NO
O75891	NO
P05091	NO
Q9UM73	NO
Q8TCU4	NO
P10696	NO
P09923	NO
Q86TB3	NO
P05187	NO
Q86V81	NO
Q9NP70	NO
Q96NU7	NO
Q9Y303	NO
Q99218	NO
Q9UKV5	NO
Q86SJ2	NO
Q6DCA0	NO
Q9BXJ7	NO
Q9Y2J4	NO
Q4VCS5	NO
Q01432	NO
7	NO
Q9UM13	NO
Q9H1A4	NO
Q9UJX5	NO
O95841	NO
Q9P2G1	NO
Q8IV38	NO
Q9H9E1	NO
Q9NXR5	NO
Q6UB99	NO
A2A2Z9	NO
Q8NF67	NO
Q5TYW2	NO
Q4UJ75	NO
Q6NSI1	NO
Q9GZV1	NO
A5PLL1	NO
P0C6C1	NO
Q8N283	NO
Q96IX9	NO
Q8N2N9	NO
Q5TZF3	NO
Q9ULJ7	NO
Q8NB46	NO
Q8N9V6	NO
Q6NXT1	NO
Q3KP44	NO
Q9Y2G4	NO
Q6ZW76	NO
A6NFN9	NO
Q9H8Y5	NO
Q9NQW6	NO
P23352	NO
O43423	NO
Q9BTT0	NO
Q9UJ72	NO
P19801	NO
Q63HQ0	NO
P59780	NO
Q7Z5R6	NO
Q92870	NO
P27695	NO
Q9UBZ4	NO
Q96GX9	NO
Q9Y235	NO
Q9BWW9	NO
Q7Z2E3	NO
P29972	NO
P15514	NO
O15033	NO
Q9NP61	NO
P53367	NO
Q13795	NO
P78540	NO
Q8IWW6	NO
Q9P2F6	NO
Q8N264	NO
Q6ZUM4	NO
Q7Z6I6	NO
Q2M1Z3	NO
Q9NRY4	NO
A6NI28	NO
Q13017	NO
O94989	NO
Q8IW93	NO
Q8N1W1	NO
A8MVX0	NO
Q9NXL2	NO
Q8TER5	NO
Q12774	NO
O14497	NO
Q99856	NO
Q4LE39	NO
Q03989	NO
Q96B23	NO
P0DKL9	NO
Q8N8R7	NO
Q9Y2Y0	NO
P56559	NO
Q5W041	NO
Q7L311	NO
P27540	NO
Q7Z6K5	NO
Q9UBL0	NO
P36575	NO
P15848	NO
Q96L15	NO
Q5T4W7	NO
O00192	NO
Q8TDY4	NO
Q8WXH4	NO
A6NK59	NO
Q8WXK1	NO
Q9Y575	NO
Q9NWX5	NO
P50553	NO
Q99929	NO
P07306	NO
Q9NR48	NO
Q86U10	NO
Q9BZE9	NO
Q7L266	NO
Q76L83	NO
Q9C0F0	NO
Q8WWH4	NO
P18846	NO
P15336	NO
P18847	NO
P18848	NO
Q9BSB4	NO
Q9H0Y0	NO
Q6ZNE5	NO
Q676U5	NO
P14415	NO
P54709	NO
Q9UN42	NO
Q16720	NO
P23634	NO
Q9UII2	NO
Q8N8Y2	NO
Q8NEY4	NO
Q9Y5K8	NO
Q16864	NO
O95670	NO
Q6UW56	NO
P46100	NO
P54253	NO
Q99700	NO
P54252	NO
Q9ULK2	NO
O15265	NO
Q9H7T9	NO
O15169	NO
Q9H6S1	NO
Q6L9W6	NO
Q9NWV8	NO
P56817	NO
O14867	NO
O95817	NO
O95429	NO
Q9UL15	NO
Q6UXY1	NO
Q9UQB8	NO
Q13145	NO
Q8N9N5	NO
Q8IXM2	NO
Q6ZT62	NO
Q16520	NO
Q9NRL2	NO
Q9UIF9	NO
Q8ND07	NO
Q8WY36	NO
O75815	NO
O15382	NO
Q9C0K0	NO
Q9HD36	NO
O43521	NO
Q5TBC7	NO
Q92843	NO
P10415	NO
Q4VC05	NO
Q9BQE9	NO
Q8WUZ0	NO
Q9NYF8	NO
Q9BUT1	NO
Q8NDZ0	NO
Q6ZU67	NO
Q8N7W2	NO
Q00994	NO
Q12934	NO
P02818	NO
Q7RTS1	NO
O14503	NO
Q9H2M3	NO
Q96G01	NO
Q6ZP65	NO
A1A5D9	NO
Q6AI39	NO
Q13323	NO
O00499	NO
Q9NQY0	NO
Q13490	NO
Q13489	NO
Q96CA5	NO
Q86UB2	NO
P54132	NO
Q6QNY1	NO
Q6QNY0	NO
Q8TDH9	NO
A0JNW5	NO
Q9H2G9	NO
O00327	NO
Q96MC5	NO
P35226	NO
Q5H9B9	NO
P12644	NO
P22004	NO
P18075	NO
Q8N8U9	NO
O00238	NO
Q01954	NO
O60238	NO
P0C671	NO
Q8NFC6	NO
Q9Y3E2	NO
Q9H3K6	NO
Q96DR5	NO
Q9BQP9	NO
Q7Z569	NO
O95696	NO
P25440	NO
Q15059	NO
O60885	NO
Q58F21	NO
Q92994	NO
Q9BX63	NO
Q0VDD7	NO
P55201	NO
Q8IWQ3	NO
Q6RI45	NO
Q8WZ55	NO
Q9UPA5	NO
Q5W0U4	NO
Q9BX70	NO
Q9Y2F9	NO
Q9P203	NO
Q5XKL5	NO
Q96Q07	NO
P35070	NO
Q9NY30	NO
Q7Z6A9	NO
Q13410	NO
P78410	NO
A8MVZ5	NO
Q6UXG8	NO
O60566	NO
Q13895	NO
Q5T681	NO
Q8IYJ2	NO
Q96M02	NO
Q9H7T3	NO
Q96A22	NO
Q86WS4	NO
Q96LP6	NO
Q8IXR9	NO
Q8N769	NO
Q9H972	NO
Q8WTQ4	NO
Q7Z2V1	NO
Q6ZW13	NO
Q6UX73	NO
A6NNT2	NO
Q8WW18	NO
Q6UX52	NO
Q9NSK7	NO
Q96EU7	NO
Q7Z5L3	NO
Q9BXJ1	NO
Q9BXI9	NO
P0C862	NO
Q8NDD1	NO
Q5SNV9	NO
Q8WYQ4	NO
Q9BZE7	NO
O95567	NO
Q6IC83	NO
Q8TF44	NO
Q68DN1	NO
Q9NWW7	NO
Q2NKX9	NO
Q8N8R5	NO
Q8N5S3	NO
Q0P641	NO
A6NN90	NO
Q53S99	NO
Q5JPI3	NO
Q6ZUJ4	NO
A6NLC5	NO
Q53FE4	NO
Q504U0	NO
A7E2U8	NO
D6RIA3	NO
Q49AR2	NO
Q7Z6I8	NO
Q96MH7	NO
Q5T5N4	NO
Q5T0Z8	NO
Q5TEZ5	NO
Q9BPX7	NO
Q8N865	NO
Q9BRJ6	NO
Q9H7E9	NO
Q49A92	NO
Q8NAV2	NO
Q5VYM1	NO
Q5JTZ5	NO
Q8IXQ3	NO
Q8TAL5	NO
O75493	NO
O43570	NO
Q9ULX7	NO
P35218	NO
Q9Y2D0	NO
P43166	NO
P35219	NO
Q16790	NO
Q9Y6J0	NO
Q9NPB3	NO
P57796	NO
Q86V35	NO
O75952	NO
Q13936	NO
O95180	NO
Q02641	NO
P54284	NO
O00305	NO
Q8WUQ7	NO
Q9ULU8	NO
Q8TC20	NO
P05937	NO
P22676	NO
P01258	NO
P10092	NO
Q13137	NO
Q96GE6	NO
Q8TD86	NO
Q9NYX4	NO
Q96NX5	NO
Q16566	NO
Q8N5S9	NO
P49069	NO
Q5T5Y3	NO
Q08AD1	NO
P40123	NO
P20807	NO
A6NHC0	NO
Q6IMN6	NO
Q8WWF8	NO
Q13938	NO
O15234	NO
Q8WXD9	NO
Q8WXE0	NO
Q92851	NO
P29466	NO
P42575	NO
P49662	NO
P55210	NO
Q14790	NO
P55211	NO
O14958	NO
Q86V15	NO
Q13191	NO
P27352	NO
Q8N7E2	NO
P35520	NO
O00257	NO
Q9Y3M2	NO
Q8NA61	NO
Q6P1N0	NO
Q8IX12	NO
Q8N163	NO
Q6UXH8	NO
Q96A19	NO
Q68D86	NO
Q8IWD4	NO
Q6ZUS5	NO
Q86Z20	NO
Q96BQ5	NO
Q9H6E4	NO
Q6PK04	NO
Q8IYE1	NO
Q96MF4	NO
Q8IYA2	NO
Q8NFR7	NO
Q49A88	NO
Q8NCX0	NO
Q569K6	NO
Q8NDH2	NO
A6NNP5	NO
Q8IYT3	NO
Q8NCU1	NO
Q8N4L8	NO
Q8IWP9	NO
Q9BUN5	NO
Q5VVM6	NO
Q4G0X9	NO
Q8IVM0	NO
Q8NA47	NO
Q8IXS2	NO
A2RUB6	NO
A6NI79	NO
Q6ZRK6	NO
Q96PX6	NO
A6NC98	NO
Q8N998	NO
Q7Z6B0	NO
I3L3R5	NO
Q8TD31	NO
P06307	NO
P51671	NO
Q99616	NO
Q99731	NO
P22362	NO
P78556	NO
O00626	NO
Q9Y258	NO
Q9Y4X3	NO
Q9NRJ3	NO
P13500	NO
P10147	NO
P13236	NO
P80098	NO
P80075	NO
O00622	NO
O95388	NO
P24385	NO
P30279	NO
P24864	NO
Q9UK58	NO
Q96S94	NO
Q5T2Q4	NO
O43303	NO
Q6IQ19	NO
O95971	NO
Q6UWJ8	NO
Q04900	NO
P29017	NO
Q6Q8B3	NO
P41217	NO
Q9UJ71	NO
P20273	NO
Q9BZW8	NO
Q9NZQ7	NO
P26842	NO
O95400	NO
P06729	NO
Q9UGN4	NO
Q08708	NO
Q496F6	NO
A8K4G0	NO
Q6UXZ3	NO
Q8TDQ1	NO
Q6UXG3	NO
Q8IX05	NO
P28907	NO
P04234	NO
P07766	NO
P09693	NO
P25942	NO
P01730	NO
P06127	NO
Q07108	NO
P30203	NO
P32970	NO
P21854	NO
P11912	NO
P40259	NO
P09564	NO
P33681	NO
Q01151	NO
Q8IWY9	NO
P32320	NO
O75794	NO
P30304	NO
P30307	NO
Q8NHZ8	NO
P30260	NO
Q7L3B6	NO
Q6DT37	NO
Q00587	NO
Q99618	NO
Q53HL2	NO
Q9H5V8	NO
P55289	NO
P55283	NO
A6H8M9	NO
Q9Y2V0	NO
Q9UQ88	NO
Q9NYV4	NO
O94921	NO
Q00537	NO
Q9BWU1	NO
O75956	NO
O76039	NO
P38936	NO
P49918	NO
P55273	NO
Q49AH0	NO
Q16878	NO
Q86X02	NO
Q2WEN9	NO
A8MTB9	NO
Q7Z692	NO
Q6UY09	NO
Q3KPI0	NO
P40198	NO
O75871	NO
Q14002	NO
P31997	NO
P49715	NO
P17676	NO
Q9BXF3	NO
Q711Q0	NO
Q9BZC1	NO
Q8N6W0	NO
Q96J87	NO
Q9HCU4	NO
Q86UT8	NO
Q8N111	NO
P49454	NO
Q9HC77	NO
Q8N2Z9	NO
O60308	NO
Q8N8E3	NO
Q8N960	NO
Q6ZU80	NO
Q9UPN4	NO
Q66GS9	NO
O94986	NO
Q5TB80	NO
Q9Y4F5	NO
Q9BV73	NO
O15078	NO
Q96MC4	NO
Q5VT06	NO
O95684	NO
Q9C0F1	NO
Q53EZ4	NO
Q8IYX8	NO
Q5JTW2	NO
Q9Y592	NO
Q5SZL2	NO
Q6P2H3	NO
Q96ST8	NO
Q8IW35	NO
O95813	NO
Q8TCT0	NO
Q6UWW8	NO
Q12798	NO
P41208	NO
O15182	NO
Q5VTH2	NO
Q6P656	NO
Q6ZVT6	NO
Q9Y6A4	NO
Q8TBY9	NO
Q5T5A4	NO
Q6V702	NO
Q96G28	NO
O43822	NO
Q8NDM7	NO
Q8IYW2	NO
Q8NHU2	NO
A5D8W1	NO
Q9C0B2	NO
Q9ULG3	NO
Q9P2B7	NO
D6REC4	NO
P0CG37	NO
Q9UEE9	NO
CGB8	NO
Q9P2M7	NO
Q99674	NO
Q9BUX1	NO
Q8WUX2	NO
Q13112	NO
Q8WYQ3	NO
Q5T1J5	NO
Q9BRQ6	NO
O14647	NO
Q14839	NO
O96017	NO
Q9Y259	NO
Q96CF2	NO
P24386	NO
Q9BU40	NO
P11229	NO
P08172	NO
P20309	NO
Q9Y4C5	NO
Q8NCG5	NO
O76071	NO
Q8N365	NO
O75838	NO
Q9UPZ9	NO
Q9BW66	NO
Q9C0C6	NO
O14578	NO
Q8IYA6	NO
Q07065	NO
5	NO
Q96F83	NO
Q05315	NO
Q96B33	NO
Q8IUN9	NO
Q5QGZ9	NO
Q86T13	NO
Q8NC01	NO
Q9UMR7	NO
Q8WTT0	NO
Q8WXI8	NO
Q9ULY5	NO
Q9NY25	NO
Q6EIG7	NO
Q9BXN2	NO
Q8NHS4	NO
O95833	NO
Q9NZA1	NO
P49761	NO
Q5K130	NO
Q9H6B4	NO
P54105	NO
Q16740	NO
O76031	NO
Q9H4D0	NO
Q96AJ1	NO
Q15846	NO
Q5SYC1	NO
Q9HAE3	NO
Q8N0X4	NO
Q7Z7K0	NO
Q8N3K9	NO
Q8NA66	NO
Q16281	NO
Q9NQW8	NO
Q969H4	NO
Q8WXI2	NO
Q9H9A5	NO
Q9UKZ1	NO
O95628	NO
Q9Y2B0	NO
Q8N129	NO
P26441	NO
Q02246	NO
O94779	NO
Q9UHC6	NO
Q7Z7A1	NO
Q53SF7	NO
O75128	NO
P83436	NO
Q86Y22	NO
Q17RW2	NO
Q6ZST2	NO
Q2UY09	NO
P02462	NO
P53420	NO
Q14031	NO
P20849	NO
Q14055	NO
Q9Y215	NO
Q8N668	NO
Q86X83	NO
Q86VX2	NO
Q9P000	NO
Q9Y2Z9	NO
Q99807	NO
Q6QEF8	NO
P16870	NO
Q8WVH0	NO
Q9P2I0	NO
Q9UKF6	NO
Q5TA50	NO
Q96SM3	NO
Q8N436	NO
Q66K79	NO
Q9BSW2	NO
Q8N4Y2	NO
P78560	NO
Q5IJ48	NO
O43889	NO
Q9NS37	NO
Q8IUH2	NO
P34998	NO
P06850	NO
Q9NZV1	NO
Q9P021	NO
P16562	NO
O75462	NO
Q9HC73	NO
Q9UBG3	NO
Q86T23	NO
Q8IVE0	NO
O95727	NO
O75718	NO
Q6UUV9	NO
O43186	NO
P02489	NO
P53674	NO
P43320	NO
Q68DQ2	NO
P07320	NO
Q14894	NO
O95825	NO
O75534	NO
P32927	NO
P04141	NO
Q99062	NO
P09919	NO
P0DML2	NO
P47710	NO
P48730	NO
P78368	NO
Q1MSJ5	NO
P01037	NO
P28325	NO
Q9H114	NO
Q5HYN5	NO
Q5H943	NO
3	NO
Q8IX95	NO
Q05D32	NO
Q16619	NO
P32929	NO
P16410	NO
P35221	NO
P26232	NO
Q9UI47	NO
Q8WYA6	NO
Q99895	NO
P40313	NO
P14091	NO
Q5NE16	NO
P43234	NO
Q9P2B4	NO
Q9NWM3	NO
Q14999	NO
Q9NTM9	NO
O14529	NO
Q86UP6	NO
Q9P013	NO
Q9HCG8	NO
Q69YN2	NO
Q2TBE0	NO
P78310	NO
O14625	NO
O43927	NO
O95715	NO
P09341	NO
P42830	NO
P80162	NO
P10145	NO
Q07325	NO
A8MYA2	NO
P0DPH9	NO
Q6BCY4	NO
Q14093	NO
Q9NQC7	NO
P05177	NO
Q07973	NO
Q6V0L0	NO
P08684	NO
P13584	NO
A8MQ03	NO
O43739	NO
O75553	NO
Q5VWQ8	NO
Q9NYF0	NO
Q9UIK4	NO
Q9NQZ3	NO
Q86SG3	NO
Q10586	NO
Q6ZNG2	NO
Q5T6F0	NO
P43146	NO
A2VCK2	NO
A8MYV0	NO
Q8N568	NO
Q9C098	NO
Q96SD1	NO
Q8IZD4	NO
Q96C86	NO
Q9H773	NO
Q6PH85	NO
Q9BW61	NO
O94760	NO
P20711	NO
O94830	NO
Q8WTU0	NO
P35638	NO
Q13206	NO
Q9UHI6	NO
Q9NR30	NO
Q9BUQ8	NO
Q9UHL0	NO
O00148	NO
Q9Y6V7	NO
Q9NQI0	NO
Q86TM3	NO
Q8NHQ9	NO
Q5T1V6	NO
Q5H9U9	NO
Q8IY21	NO
Q6ZN54	NO
4	NO
Q30KQ8	NO
Q30KQ4	NO
Q96PH6	NO
Q5J5C9	NO
P78524	NO
O43583	NO
Q5TB30	NO
Q9NTK1	NO
Q05D60	NO
O00273	NO
Q14129	NO
P23743	NO
Q9Y6T7	NO
Q16760	NO
Q86XP1	NO
O75912	NO
Q13574	NO
Q02127	NO
P49366	NO
Q6PKH6	NO
Q9H2U1	NO
Q8IY37	NO
Q14562	NO
Q9NR28	NO
Q9NSV4	NO
Q9P265	NO
Q9Y2E4	NO
Q0P6D2	NO
Q8IYB7	NO
Q8TF46	NO
Q155Q3	NO
O94907	NO
Q9UBT3	NO
Q9UK85	NO
Q6UYE1	NO
P78352	NO
Q15398	NO
O00548	NO
Q9NR61	NO
O60479	NO
Q9NPF5	NO
Q14565	NO
P11532	NO
Q13316	NO
Q5HYR2	NO
Q86X45	NO
Q9NVR5	NO
Q8WXU2	NO
Q9NQM4	NO
Q8IYS4	NO
Q8IVF4	NO
Q96DT5	NO
Q9C0G6	NO
Q8WXX0	NO
Q9NYC9	NO
Q5VTH9	NO
Q6TDU7	NO
P31689	NO
Q8WW22	NO
P59910	NO
Q8TBM8	NO
P25685	NO
Q8WWF6	NO
Q9UDY4	NO
Q8NHS0	NO
Q9UKB3	NO
Q9NVM6	NO
Q96DA6	NO
Q5F1R6	NO
Q9NZQ0	NO
Q96LL9	NO
O75061	NO
Q99615	NO
Q8WXX5	NO
Q4LDG9	NO
O14645	NO
Q5SXM8	NO
Q6XZF7	NO
O43598	NO
Q14184	NO
Q5T8R8	NO
Q9BU89	NO
Q18PE1	NO
Q9Y3R5	NO
Q92782	NO
Q92784	NO
Q9H4G8	NO
P42658	NO
Q7L190	NO
Q9C005	NO
Q8NBI3	NO
Q96MC2	NO
Q9H069	NO
P14416	NO
P55039	NO
A6NNA5	NO
Q9NRR4	NO
O60469	NO
Q9BVC3	NO
Q86SJ6	NO
Q9NZW4	NO
Q6ZMT9	NO
Q9NZJ0	NO
O60941	NO
Q86UW9	NO
Q8TDB6	NO
Q8N9I9	NO
Q9NRD8	NO
Q6P1R4	NO
Q9NX74	NO
Q96G46	NO
Q9H1R2	NO
Q8WTR2	NO
Q68J44	NO
O77932	NO
Q8WVS4	NO
Q8TCX1	NO
P63172	NO
P51808	NO
Q9NR20	NO
Q9NVP4	NO
Q86Y13	NO
Q96CJ1	NO
Q56P03	NO
O00559	NO
O95905	NO
Q96DC8	NO
Q19T08	NO
Q9BQ95	NO
Q9H8V3	NO
Q9HAV5	NO
Q8WWZ3	NO
Q9UNE0	NO
P56851	NO
Q9BV94	NO
O60869	NO
O43854	NO
P05305	NO
Q5JPI9	NO
Q5T9C2	NO
Q5T8I3	NO
Q7L9B9	NO
A6NFE3	NO
Q6NXP0	NO
Q8IY85	NO
Q5VUJ9	NO
A8MWE9	NO
Q9HA90	NO
Q9BUP0	NO
P52798	NO
Q8IUX8	NO
Q9UHF1	NO
Q63HQ2	UP
Q9GZT9	NO
Q8NDI1	NO
Q9H9B1	NO
Q9Y6B2	NO
P47813	NO
Q9BQI3	NO
P19525	NO
Q9NZJ5	NO
Q13144	NO
P41214	NO
Q7L2H7	NO
O60573	NO
Q9NRA8	NO
Q9GZV4	NO
Q6IS14	NO
Q53HC9	NO
Q9H777	NO
P08246	NO
Q14576	NO
P26378	NO
Q9UKW6	NO
Q5R3F8	NO
Q14241	NO
Q15370	NO
Q6PCB8	NO
Q96AY2	NO
Q92979	NO
Q96A84	NO
Q6ZMW3	NO
Q05925	NO
P19622	NO
Q8N8S7	NO
P21128	NO
Q6UWR7	NO
Q8IYW4	NO
Q9Y5L3	NO
O75355	NO
Q9Y227	NO
Q96C92	NO
Q9NPA8	NO
Q6ZTU2	NO
Q96L91	NO
Q99814	NO
Q9HCS5	NO
Q9H2F5	NO
Q52LR7	NO
P16422	UP
Q9HCE0	NO
Q6UW88	NO
Q5JZY3	NO
P29317	NO
P29320	NO
O15197	NO
Q9H201	NO
P01588	NO
Q9H6S3	NO
P04626	NO
O15083	NO
P07992	NO
Q92889	NO
Q2NKX8	NO
O14944	NO
P50548	NO
P11308	NO
Q8IV48	NO
A8K979	NO
Q86X53	NO
Q5RHP9	NO
A6NGS2	NO
Q7L0X2	NO
O75460	NO
Q96DN0	NO
Q9UJM3	NO
O71037	NO
B6SEH8	NO
Q14674	NO
P03372	NO
Q9NVF9	NO
P43268	NO
P58658	NO
P34910	NO
Q96CN4	NO
O60447	NO
Q9UI08	NO
A8MZ36	NO
Q92817	NO
Q03828	NO
Q9H790	NO
Q01780	NO
Q9NQT5	NO
Q9NPD3	NO
Q9NQT4	NO
Q8NEV8	NO
Q92935	NO
O43909	NO
P0DMU3	NO
P13726	NO
Q6NZ36	NO
Q0Z7S8	NO
Q13158	NO
Q5XKR9	NO
Q6SJ93	NO
Q8IWE2	NO
Q96EK7	NO
Q9NX05	NO
Q86XD5	NO
Q96AQ9	NO
O94988	NO
Q9NYF5	NO
Q8NE31	NO
Q9UHL3	NO
Q3B820	NO
Q96MY7	NO
Q6J272	NO
Q96KS9	NO
A6NMN3	NO
A8MVW0	NO
Q6P995	NO
Q8WUF8	NO
A6PVY3	NO
Q8NB25	NO
Q9ULE4	NO
A6NE01	NO
Q8IYM0	NO
P78312	NO
Q96PV7	NO
Q9H8W3	NO
A4D161	NO
Q8WU58	NO
F5H4B4	NO
Q96M60	NO
Q86W67	NO
Q8NA70	NO
Q5TYM5	NO
Q96LP2	NO
Q9BQN1	NO
Q8NEG4	NO
A6NDY2	NO
Q8TC84	NO
O94887	NO
P48023	NO
P35556	NO
Q9HCM7	NO
Q6PCT2	NO
Q9UKA1	NO
Q9UJT9	NO
Q8IX29	NO
Q8NEZ5	NO
Q9NVF7	NO
Q5XUX0	NO
Q9NWN3	NO
Q9UH90	NO
Q6P3S6	NO
Q6PJ61	NO
Q9UKT4	NO
P24071	NO
P12319	NO
P31994	NO
O14526	NO
Q0JRZ9	NO
Q86WN1	NO
O94868	NO
Q96LA6	NO
Q96LA5	NO
Q96P31	NO
Q6DN72	NO
Q6BAA4	NO
P10109	NO
Q6P4F2	NO
P22570	NO
P39748	NO
Q9UHY8	NO
Q7Z6J4	NO
Q6ZV73	NO
P61328	NO
O43320	NO
O95750	NO
P05230	NO
Q9NP95	NO
Q9NSA1	NO
Q9GZV9	NO
P09038	NO
P11487	NO
P12034	NO
P10767	NO
P21781	NO
P31371	NO
Q14512	NO
Q8TAT2	NO
P09769	NO
B1AJZ9	NO
Q8N612	NO
P49789	NO
Q2V2M9	NO
Q92562	NO
Q6PIW4	NO
Q5HY92	NO
Q7Z7B0	NO
Q9Y3D6	NO
Q96AY3	NO
Q9NWM8	NO
P68106	NO
Q9Y680	NO
Q9UIM3	NO
Q96Q35	NO
Q8NFF5	NO
Q01543	NO
O43155	NO
P17948	NO
P49771	NO
P36888	NO
Q96CP2	NO
O95466	NO
Q8IVF7	NO
Q06787	NO
Q96RU3	NO
Q8N3X1	NO
P49354	NO
Q04609	NO
P15328	NO
P53539	NO
P01100	NO
P55318	NO
P55316	NO
Q9UPW0	NO
Q01167	NO
Q12952	NO
O15353	NO
Q12778	NO
O43524	NO
Q8IVH2	NO
Q8N878	NO
Q96NE9	NO
Q6ZUT3	NO
Q6IN97	NO
Q92765	NO
A1L4K1	NO
Q8NA03	NO
Q5CZC0	NO
O95633	NO
O95954	NO
Q9C0B1	NO
Q96I24	NO
A2VDF0	NO
P35637	NO
P19526	NO
Q96DB9	NO
Q5VWT5	NO
Q9ULW2	NO
Q9H461	NO
O00144	NO
Q13480	NO
Q2WGN9	NO
O95166	NO
P48169	NO
O00591	NO
Q99259	NO
Q05329	NO
O75293	NO
Q8TAE8	NO
O95257	NO
Q6NT46	NO
O76087	NO
Q86SR1	NO
Q14435	NO
P22466	NO
Q14353	NO
Q8TET4	NO
P17677	NO
Q75VX8	NO
Q96KD3	NO
Q8N9W8	NO
Q8N5Q1	NO
O15063	NO
Q86XJ1	NO
O43903	NO
O60861	NO
O95995	NO
P23771	NO
O43716	NO
P0DPI2	NO
Q9H227	NO
P32456	NO
Q9H0R5	NO
Q96PP9	NO
Q6ZN66	NO
O75600	NO
Q96CN9	NO
P16383	NO
P01275	NO
P30047	NO
P35557	NO
Q9P109	NO
Q8N6F7	NO
Q9NXN4	NO
Q99988	DOWN
P39905	NO
Q8N9F7	NO
O14893	NO
Q9NWZ8	NO
P14136	NO
P55789	NO
Q969S9	NO
Q3B7J2	NO
O94808	NO
O60609	NO
Q6UXV0	NO
Q9UJY5	NO
Q9UJY4	NO
Q9NZ52	NO
Q9BVM4	NO
Q86UU5	NO
P19440	NO
P01241	NO
P01242	NO
Q02643	NO
Q9UBU3	NO
Q9NWU2	NO
O75420	NO
Q6Y7W6	NO
Q9UG22	NO
Q6P9H5	NO
Q8NHV1	NO
Q8ND71	NO
Q9BRT9	NO
Q8TF65	NO
P48546	NO
P17302	NO
Q9Y6H8	NO
P48165	NO
Q5VSY0	NO
Q53GS7	NO
P10070	NO
P48060	NO
P43220	NO
Q9NS18	NO
Q86SX6	NO
Q9H1C3	NO
Q49A26	NO
Q9UKD1	NO
O75496	NO
O95467	NO
Q9Y223	NO
P63211	NO
Q9NVN8	NO
P22749	NO
Q92805	NO
Q9HBQ8	NO
Q13439	NO
Q9NYA3	NO
GOLGA6L10	NO
A8MQT2	NO
A6NN73	NO
Q99795	UP
O95872	NO
Q8N954	NO
Q9BRR8	NO
Q5T3I0	NO
Q9UKJ3	NO
Q8N158	NO
O75487	NO
P78333	NO
Q96T91	NO
Q8IV16	NO
Q92917	NO
Q96P66	NO
Q8IZ08	NO
Q5T848	NO
Q5JY77	NO
Q96D09	NO
Q6PI77	NO
Q9NQ84	NO
O60269	NO
Q6ZVF9	NO
Q96CP6	NO
Q13002	NO
Q16478	NO
Q13224	NO
Q9C0E4	NO
P35626	NO
P32298	NO
P34947	NO
P07492	NO
Q12849	NO
A4D1B5	NO
Q6UXU4	NO
Q9NRJ2	NO
P08263	NO
Q16772	NO
Q03013	NO
P0CG30	NO
P35269	NO
Q9UHL9	NO
Q86UP8	NO
Q8WUA4	NO
Q969Y2	NO
Q9H1H1	NO
P43080	NO
O95843	NO
P25092	NO
Q8N442	NO
Q3ZCU0	NO
P12544	NO
P10144	NO
P20718	NO
Q02539	NO
P22492	NO
O75409	NO
P46952	NO
O96004	NO
Q9UJM8	NO
Q7Z4H7	NO
Q96D42	NO
Q99075	NO
P09105	NO
P02008	NO
Q9Y5Z7	NO
E2RYF7	NO
Q9UQL6	NO
Q9BY41	NO
Q9UKV0	NO
Q8N4P3	NO
Q5TGJ6	NO
Q7Z4V5	NO
Q7Z353	NO
Q86WZ0	NO
Q9UBI9	NO
Q5U5R9	NO
Q9P2P5	NO
Q8NG08	NO
Q9BYK8	NO
Q9HCC6	NO
Q9BYE0	NO
O94992	NO
Q9UBP5	NO
A2PYH4	NO
P14210	NO
Q03014	NO
C9JL84	NO
Q8IV36	NO
Q16665	NO
O75146	NO
O00291	NO
Q9H2X6	NO
Q9H422	NO
Q8NE63	NO
P31629	NO
Q5T1R4	NO
Q6ZVN8	NO
P52789	NO
Q16534	NO
Q6NT76	NO
Q86SG4	NO
O75330	NO
P09601	NO
P30519	NO
P20823	NO
P41235	NO
P50135	NO
Q13151	NO
Q6PI97	NO
Q86YM7	NO
Q9NSB8	NO
Q9NSC5	NO
Q96ED9	NO
O43364	NO
P14651	NO
P17483	NO
P13378	NO
P28356	NO
Q9UM19	NO
Q9UPZ3	NO
P01112	NO
P35367	NO
Q9Y662	NO
O60243	NO
O75506	NO
Q9BPX1	NO
P37059	NO
P37058	NO
Q6YN16	NO
O75031	NO
1	NO
Q96JZ2	NO
Q58FF6	NO
O43301	NO
Q96EW2	NO
P86397	NO
P08908	NO
P28222	NO
P28223	NO
P57058	NO
Q96M11	NO
Q2TAA2	NO
Q8NDH6	NO
Q05084	NO
Q14773	NO
Q02363	NO
P47928	NO
Q9BXS1	NO
P14902	NO
P35475	NO
Q9BTL4	NO
P13284	NO
Q9BYX4	NO
P09914	NO
O14879	NO
P01563	NO
P01574	NO
P15260	NO
P38484	NO
P01579	NO
Q8IU54	NO
Q8IZJ0	NO
K9M1U5	NO
Q8IU57	NO
P05000	NO
Q9UG01	NO
Q8IY31	NO
Q9H7X7	NO
Q9Y547	NO
Q96FT9	NO
Q96LB3	NO
Q8WYA0	NO
Q13099	NO
P78318	NO
Q8IVU1	NO
P08069	NO
Q6U949	NO
O00425	NO
Q8WX77	NO
Q6UXB1	NO
Q6B9Z1	NO
P38935	NO
A6NGN9	NO
Q5DX21	NO
Q96ID5	UP
Q8N9C0	NO
O75054	NO
Q9P2J2	DOWN
Q8IYA8	NO
Q9UKS7	NO
Q13651	NO
Q08334	NO
P22301	NO
Q14626	NO
P20809	NO
P29460	NO
P42701	NO
Q99665	NO
Q14627	NO
P35225	NO
Q13261	NO
P40933	NO
Q14005	NO
Q16552	NO
Q9P0M4	NO
Q8TAD2	NO
Q96PD4	NO
Q96F46	NO
Q9NRM6	NO
Q8NFR9	NO
Q13478	NO
O95256	NO
Q9UHD0	NO
P01583	NO
P01584	NO
Q9HB29	NO
P18510	DOWN
Q9UHF4	NO
Q6UXL0	NO
Q9NYY1	NO
Q9HBE5	NO
Q8N6P7	NO
Q9GZX6	NO
Q5VWK5	NO
Q13007	NO
Q9H293	NO
P01589	NO
P14784	NO
P31785	NO
P60568	NO
Q8NI17	NO
Q6EBC2	NO
P24001	NO
O95760	NO
Q6ZMJ4	NO
Q9UHA7	NO
Q9NZH7	NO
Q9NZH8	NO
P26951	NO
P08700	NO
P24394	NO
P05112	NO
Q01344	NO
P05113	NO
P05231	NO
P13232	NO
Q01113	NO
P15248	NO
Q9H0C8	NO
Q9P2X3	NO
Q17R60	NO
Q9GZP8	NO
Q9NQS7	NO
Q9UK53	NO
Q9H160	NO
P09529	NO
Q96EL1	NO
Q9ULG1	NO
Q9Y2H2	NO
Q15735	NO
P01308	DOWN
Q14641	NO
Q9Y5Q6	NO
Q96T92	NO
Q2T9L4	NO
Q6ZSG2	NO
A6NMK8	NO
Q9NVM9	NO
Q75QN2	NO
Q92551	NO
Q8WWN9	NO
Q8NFU5	NO
A6NCM1	NO
Q86XH1	NO
Q4KMZ1	NO
Q96DY2	NO
Q6IPM2	NO
Q9H095	NO
B3KU38	NO
Q9H0B3	NO
Q6DN90	NO
Q5JU85	NO
Q8NA54	NO
Q5VVH5	NO
P51617	NO
Q7Z5L9	NO
Q9H1B7	NO
Q14653	NO
Q8WZA9	NO
Q86U28	NO
P61371	NO
Q6UXK2	NO
B1AKI9	NO
Q6H9L7	NO
Q96J02	NO
Q13349	NO
P20702	NO
O14713	NO
Q9UKP3	NO
Q13352	NO
P26010	NO
O95965	NO
O43736	NO
Q9BY32	NO
P23677	NO
Q6GPH6	NO
Q8IWB1	NO
Q8IYV9	NO
Q6IE81	NO
Q92613	NO
Q96N16	NO
Q96AA8	NO
Q5VZ66	NO
P57087	NO
Q86VZ6	NO
Q9P266	NO
Q15652	NO
Q6NYC1	NO
Q9HDC5	NO
O76095	NO
P05412	NO
Q14678	NO
Q5T7N3	NO
Q7Z3B3	NO
Q9H8E8	NO
Q92831	NO
Q92794	NO
Q9BW62	NO
Q9BVA0	NO
Q8WVZ9	NO
P22001	NO
Q03721	NO
Q9NZV8	NO
P15382	NO
Q9Y2W7	NO
Q6PIL6	NO
Q14654	NO
Q8N5I3	NO
Q68DU8	NO
Q6PI47	NO
Q17RG1	NO
Q7Z5Y7	NO
Q14681	NO
Q9NXV2	NO
Q6ZWB6	NO
Q8NAX2	NO
O60341	NO
Q9Y4C1	NO
P29375	NO
Q9BY66	NO
P23276	NO
Q587J8	NO
O75525	NO
Q92628	NO
Q5VV43	NO
Q6ZU52	NO
Q9BVV6	NO
Q2KHM9	NO
Q96AT1	NO
Q9ULL0	NO
Q5T5P2	NO
Q6ZVL6	NO
Q5VZ46	NO
Q5JYT7	NO
Q8IYS2	NO
Q5HYC2	NO
Q9H1H9	NO
Q9NS87	NO
Q8NI77	NO
Q2TAC6	NO
Q12756	NO
O43896	NO
Q96Q89	NO
Q14807	NO
Q5T7B8	NO
Q9ULI4	NO
Q2KJY2	NO
Q86VH2	NO
B7ZC32	NO
Q8N4N8	NO
Q99661	NO
Q9Y496	NO
O15066	NO
O95239	NO
Q2VIQ3	NO
O60282	NO
Q6ZMV9	NO
Q9HAQ2	NO
Q92845	NO
Q9BW19	NO
Q96AC6	NO
Q9BVG8	NO
O60870	NO
P43629	NO
P43630	NO
Q8N743	NO
Q96J84	NO
Q6UWL6	NO
Q8IZU9	NO
Q15726	NO
Q86Z14	NO
Q9Y4X4	NO
Q9UIH9	NO
O43474	NO
O95600	NO
Q8TBB5	NO
Q96G42	NO
Q2TBA0	NO
O60662	NO
O43240	NO
Q9UKR0	NO
Q9UKR3	NO
Q9P0G3	NO
Q9H2R5	NO
Q9Y5K2	NO
P49862	NO
O60259	NO
Q9UKQ9	NO
Q107X0	NO
Q12918	NO
P26715	NO
Q13241	NO
Q9NZS2	NO
Q8NEZ4	NO
Q8IZD2	NO
Q9NQR1	NO
Q4FZB7	NO
Q76NI1	NO
Q9Y448	NO
A9QM74	NO
A5PL33	NO
Q8N9T8	NO
O00522	NO
Q13601	NO
Q99456	NO
P05783	NO
P08727	NO
P48668	NO
Q9BQD3	NO
Q16773	NO
Q16719	NO
Q9UN81	NO
Q5T7N2	NO
Q96EM0	NO
Q969R5	NO
Q8NA19	NO
Q6ISS4	NO
P25391	NO
O43504	NO
Q659C4	NO
Q6PKG0	NO
Q71RC2	NO
Q9Y4W2	NO
Q9GZY6	NO
O95835	NO
Q6UX15	NO
Q14739	NO
Q6XYB7	NO
O95447	NO
P06239	NO
Q6UWW0	NO
Q8N3X6	NO
Q6UWM7	NO
Q6P5S2	NO
Q6ZMV7	NO
Q5T871	NO
Q96BZ8	NO
Q96PV6	NO
Q8WVC0	NO
P56470	NO
O00182	NO
P01229	NO
P48742	NO
P50458	NO
P15018	NO
P59901	NO
A6NI73	NO
Q8NHJ6	NO
Q9UPQ0	NO
Q5TKA1	NO
Q8N7U9	NO
Q8N535	NO
Q8N9X3	NO
A2RU37	NO
E5RJ46	NO
P07098	NO
Q5VXI9	NO
Q9NZU5	NO
Q03252	NO
Q8IXW0	NO
P61968	NO
P29536	NO
Q6P5Q4	NO
Q9Y4K0	NO
Q7L5N7	NO
P22079	NO
O60711	NO
Q96KN1	NO
Q9Y2L9	NO
Q9P244	NO
Q9ULH4	NO
Q9BTN0	NO
Q96JA1	NO
A6NDA9	NO
Q9P2M1	NO
P98164	NO
P30533	NO
Q9BTT6	NO
Q9C0I9	NO
Q1X8D7	NO
A6NM11	NO
Q5VT99	NO
Q9BY71	NO
Q9Y546	NO
Q8N309	NO
Q96CN5	NO
Q8IUZ0	NO
Q9HCJ2	NO
Q9HBW1	NO
Q8N4P6	NO
Q8NAA5	NO
Q9C099	NO
Q86UE6	NO
Q86VH4	NO
Q9HBL6	NO
Q8N967	NO
Q3MHD2	NO
O95777	NO
Q9NS15	NO
P36941	NO
Q06643	NO
P29376	NO
Q8WV07	NO
Q96GA3	NO
O95232	NO
Q9NQ29	NO
Q96LR2	NO
Q86TE4	NO
Q6Q4G3	NO
Q14210	NO
Q17RY6	NO
Q9HBG7	NO
Q9NX58	NO
Q86SG7	NO
Q8N2G4	NO
Q6UX82	NO
O95372	NO
Q96S90	NO
Q7Z3D4	NO
Q7Z4W2	NO
Q9NQ48	NO
Q9Y250	NO
O60299	NO
Q6ZN28	NO
A1Z1Q3	NO
Q9Y6D9	NO
Q15013	NO
Q7L5Y9	NO
Q9H063	NO
Q9Y5Q3	NO
A6NCF6	NO
P43355	NO
P43358	NO
P43362	NO
Q96M61	NO
O15479	NO
O15481	NO
Q9UBF1	NO
Q9Y5V3	NO
Q96JG8	NO
Q9H6Y5	NO
P20916	NO
P20794	NO
Q7Z304	NO
Q6UXC1	DOWN
Q5VSG8	NO
A6NHS7	NO
Q9P2G4	NO
Q9H492	NO
A6NCE7	NO
P52564	NO
O43283	NO
Q56UN5	NO
Q9Y6R4	NO
Q92918	NO
Q9Y4K4	NO
Q9H9H5	NO
Q96T17	NO
Q14244	NO
Q49MG5	NO
P53778	NO
O15264	NO
P31152	NO
Q9UPT6	NO
P45984	NO
Q8N8E1	NO
Q9UPY8	NO
P10636	NO
Q9H992	NO
Q96L34	NO
Q96A59	NO
Q9Y2H9	NO
Q6P0Q8	NO
O15232	NO
P61244	NO
A4D2B0	NO
Q8IVS2	NO
Q96RQ3	NO
Q96PE7	NO
Q8IX19	NO
Q86YR7	NO
O15068	NO
Q8NI22	NO
Q7L590	NO
O60318	NO
Q9BTE3	NO
Q96EZ8	NO
Q14676	NO
Q8NFP4	NO
Q8TC05	NO
Q9BV79	NO
Q93074	NO
Q71F56	NO
Q13503	NO
Q96HR3	NO
O75586	NO
Q06413	NO
A6BM72	NO
A2RUB1	NO
O14770	NO
Q99687	NO
P50221	NO
Q6UB28	NO
P50579	NO
P0C7V9	NO
Q86W50	NO
Q8N6Q8	NO
Q96IZ6	NO
Q8TCB7	NO
Q6ZN04	NO
Q5U5Q3	NO
Q86XN8	NO
O75121	NO
P55082	NO
Q13361	NO
Q9BY79	NO
Q8IWI9	NO
P16455	NO
Q96AX9	NO
Q7RTP6	NO
Q504T8	NO
A9UHW6	NO
Q5JXC2	NO
Q8NBR6	NO
A8MYZ0	NO
Q4G0A6	NO
Q9UGB7	NO
Q6P0N0	NO
Q8IVT2	NO
Q8WV92	NO
P46013	NO
Q9BUB5	NO
Q13434	NO
P58340	NO
Q15773	NO
Q5VWP3	NO
Q03111	NO
Q495T6	NO
P45452	NO
P51511	NO
P09237	NO
Q10571	NO
P51948	NO
Q9BWT6	NO
P41218	NO
Q99583	NO
O96007	NO
O95396	NO
Q16653	NO
Q9UQ07	NO
Q9Y6X9	NO
Q14149	NO
Q9UBU8	NO
Q15014	NO
Q8NDC4	NO
Q5VZ52	NO
Q9UJG1	NO
P29372	NO
Q99547	NO
Q99550	NO
B2RBV5	NO
Q96G30	NO
Q8TCY5	NO
Q8N565	NO
Q6IN84	NO
A6NES4	NO
Q96A35	NO
Q13084	NO
Q9H2W6	NO
Q86TS9	NO
Q96EL3	NO
Q14197	NO
Q9Y3D3	NO
Q9Y676	NO
Q92552	NO
Q96E11	NO
Q969V6	NO
P11836	NO
Q96H12	NO
Q9HCI7	NO
Q96KJ4	NO
P08118	NO
Q9UJ68	NO
Q04912	NO
P35548	NO
Q9Y4B5	NO
Q49AM1	NO
Q96E29	NO
Q14872	NO
Q9H019	NO
Q15390	NO
Q9H4K7	NO
P13995	NO
Q2M296	NO
P46199	NO
Q9H2K0	NO
Q9Y217	NO
Q9Y216	NO
Q9P0P8	NO
Q765P7	NO
Q9ULD2	NO
Q5JR59	NO
Q9H3R2	NO
Q8WXI7	NO
Q02505	NO
Q3MIW9	NO
Q96NY9	NO
Q03426	NO
Q13203	NO
Q8TBZ2	NO
P35580	NO
Q9UKX3	NO
Q9Y2K3	NO
A7E2Y1	NO
Q9BUA6	NO
P12829	NO
Q02045	NO
Q9HD67	NO
Q8IUG5	NO
Q12965	NO
Q8WXR4	NO
Q9NQX4	NO
Q9UM54	NO
P15172	NO
P52179	NO
Q5VVJ2	NO
Q8WU39	NO
Q08AG7	NO
Q6NZ67	NO
Q92802	NO
Q86UW6	NO
O15049	NO
P41227	NO
Q9BSU3	NO
Q86UY6	NO
Q93015	NO
Q02083	NO
Q9H009	NO
O15069	NO
Q96RE7	NO
O95544	NO
Q96HR8	NO
P43490	NO
Q9H9S0	NO
Q9NR45	NO
Q9H115	NO
Q8IVL1	NO
Q8NFP9	NO
O60934	NO
Q86T75	NO
Q9BPX3	NO
Q15003	NO
P19878	NO
Q9HCH0	NO
Q15788	NO
Q9H4R4	NO
O76036	NO
O14931	NO
P62166	NO
Q9NXR1	NO
Q9UHB4	NO
Q9NRX3	NO
Q9Y375	NO
Q8N183	NO
Q9P032	NO
P17568	NO
Q9Y6M9	NO
Q8N987	NO
Q7Z6G3	NO
Q96P71	NO
Q9NVZ3	NO
Q96NY8	NO
Q8NHV4	NO
Q14511	NO
P07196	NO
P51955	NO
P51956	NO
P51957	NO
Q6P3R8	NO
Q8IXH7	NO
Q92832	NO
Q7Z628	NO
Q8NC67	NO
A8MQ27	NO
O76050	NO
Q8NBZ9	NO
Q8NET5	NO
O94856	NO
O94916	NO
Q12968	NO
Q14934	NO
Q16621	NO
P08651	NO
P19838	NO
Q15653	NO
O00221	NO
Q12986	NO
P23511	NO
Q8NEJ9	NO
P08138	NO
Q96IV0	NO
Q9NPE2	NO
Q9H9Q4	NO
Q9NX24	NO
Q5SYE7	NO
Q5HYW2	NO
Q6T4R5	NO
Q92982	NO
Q9NZG7	NO
Q9NYS0	NO
O15226	NO
Q8N2Q7	NO
Q8NFZ4	NO
Q86W24	NO
Q7RTR0	NO
Q9HAN9	NO
Q9NWW6	NO
Q9NPI5	NO
Q96S42	NO
Q13253	NO
O60936	NO
Q96MY1	NO
Q15155	NO
O00567	NO
P29475	NO
P35228	NO
P29474	NO
Q9Y314	NO
P51513	NO
Q9UNW9	NO
Q14207	NO
Q9NQX5	NO
O60500	NO
Q9NP85	NO
E9PIF3	NO
E9PJ23	NO
Q9BXD5	NO
P16860	NO
P23582	NO
P16066	NO
Q9Y639	NO
P01303	NO
P15559	NO
Q14995	NO
Q14994	NO
P49116	NO
Q86VF7	NO
Q7Z6K4	NO
Q16656	NO
O14511	NO
Q9NQ35	NO
Q9NPD7	NO
Q99748	NO
P58400	NO
Q96MF7	NO
NT-proBNP	NO
Q9BXI3	NO
Q969T7	NO
P21589	NO
P20783	NO
P78549	NO
Q96CW9	NO
Q9BSD7	NO
P04629	NO
Q9Y5A7	NO
P53384	NO
Q8IVD9	NO
Q8NFP7	NO
O95848	NO
Q9NV35	NO
P50583	NO
Q9NZJ9	NO
P0C024	NO
Q7Z417	NO
Q9Y6R0	NO
Q12769	NO
Q9UKX7	NO
O60356	NO
Q86Y26	NO
A6NNL0	NO
Q9H4D5	NO
Q96CM4	NO
Q6UWF7	NO
P58417	NO
O95157	NO
Q6ZVC0	NO
Q5W0B1	NO
Q9NPH6	NO
Q16625	NO
Q96NG3	NO
A1E959	NO
P11926	NO
Q9ULJ1	NO
O75665	NO
O60502	NO
O15527	NO
O15294	NO
Q6UX06	NO
P78380	NO
P23515	NO
O14841	NO
Q9UBM4	NO
Q13438	NO
Q9NX31	NO
P13725	NO
P61366	NO
Q9NRC9	NO
Q5VV17	NO
Q01804	NO
Q7L8S5	NO
Q8N6M0	NO
Q6GQQ9	NO
Q8WZ82	NO
Q12889	NO
P01178	NO
Q8IVL6	NO
Q92791	NO
Q7Z309	NO
P0CB38	NO
Q8N7B6	NO
Q86VP3	NO
Q9UKS6	NO
Q9Y2J8	NO
Q9UM07	NO
P09466	NO
Q99487	NO
Q9NWQ8	NO
Q5JUK9	NO
Q9BTK6	NO
Q9ULR5	NO
O96013	NO
Q8WX93	NO
Q8IXS6	NO
A6NDB9	NO
Q9NP74	NO
O75781	NO
Q13219	NO
Q8TEW8	NO
Q9NPB6	NO
Q9BYG5	NO
Q6UWI2	NO
O95453	NO
Q53GL7	NO
P09874	NO
Q9Y6F1	NO
Q9UKK3	NO
Q8N3A8	NO
Q9NWS1	NO
Q8IV76	NO
Q96RG2	NO
Q8NI35	NO
O43316	NO
Q9BUH6	NO
Q96KB5	NO
P30039	NO
P40424	NO
Q96AQ6	NO
A6NGG8	NO
P61457	NO
Q9P2E7	NO
O14917	NO
O60245	NO
Q9Y5I3	NO
Q9Y5E8	NO
Q9Y5G1	NO
Q15004	NO
Q15154	NO
Q9NV79	NO
P12004	NO
O95613	NO
Q16549	NO
P49585	NO
Q15116	NO
Q16342	NO
Q8N4E4	NO
Q13371	NO
P20941	NO
Q9Y233	NO
P54750	NO
Q14123	NO
O00408	NO
Q08493	NO
P35913	NO
Q9GZP0	NO
Q13087	NO
Q9P0J1	NO
Q9NUG6	NO
Q6P474	NO
Q5EBL8	NO
O15018	NO
Q76G19	NO
Q5T2W1	NO
Q9UPQ7	NO
Q6ZMN7	NO
Q9BY49	NO
Q96FA3	NO
P01210	NO
P56645	NO
P40855	NO
Q9NQP4	NO
P16118	NO
O60825	NO
Q16877	NO
P0DJD7	NO
P49763	NO
Q96LB9	NO
Q96LB8	NO
P06401	NO
Q8IXK0	NO
Q96QT6	NO
A8MW92	NO
Q9BVI0	NO
Q96EK2	NO
Q9Y5J5	NO
Q86UU1	NO
Q86SQ0	NO
Q6NSJ2	NO
Q8TCT1	NO
O14813	NO
Q8WXW3	NO
Q6ZUJ8	NO
Q9Y2I7	NO
Q9UKJ0	NO
Q9Y237	NO
A6NC86	NO
Q7Z3Z3	NO
Q7Z3Z4	NO
Q8NG27	NO
O43164	NO
P98161	NO
Q9P0L9	NO
Q13563	NO
Q6P5Z2	NO
O15496	NO
Q9BZM1	NO
Q9UNK4	NO
Q86XP0	NO
P53816	NO
Q96KN8	NO
P00749	NO
Q6P1J6	NO
Q9NQ66	NO
P51178	NO
Q9BRC7	NO
P19174	NO
Q4KWH8	NO
Q15111	NO
Q9H4M7	NO
O95397	NO
A6NEE1	NO
Q96S99	NO
Q9ULL1	NO
Q9H7P9	NO
A1L390	NO
O94827	NO
Q9ULM0	NO
Q8IVE3	NO
Q5SXH7	NO
Q9NYY3	NO
Q496M5	NO
P60201	NO
O43660	NO
Q9NRY6	NO
P20382	NO
Q8TBY8	NO
Q13401	NO
Q96T60	NO
P54315	NO
P54317	NO
Q8ND90	NO
Q9UL42	NO
Q96PV4	NO
Q86V59	NO
Q8N8W4	NO
Q8TC44	NO
Q9NZ53	NO
Q8NBL1	NO
P06746	NO
Q15054	NO
Q9HCU8	NO
Q9BY77	NO
P61218	NO
P05423	NO
Q9H1D9	NO
Q3SYA9	NO
P01189	NO
Q6S8J7	NO
H3BUK9	NO
B2RU33	NO
A6NI47	NO
Q9UKI9	NO
Q96CD2	NO
Q13136	NO
O75335	NO
Q86W92	NO
Q8ND30	NO
Q9UNP9	NO
Q96KQ4	NO
Q9NXH3	NO
Q6NYC8	NO
Q13522	NO
Q9UD71	NO
Q8WVI7	NO
Q86WC6	NO
Q6NXS1	NO
Q96PQ5	NO
Q7Z5V6	NO
Q8TAP8	NO
Q86XI6	NO
Q96LZ3	NO
Q6NUP7	NO
O75170	NO
P01298	NO
O60828	NO
Q96QH2	NO
P78395	NO
O43663	NO
Q9NQV5	NO
Q13029	NO
Q9HCU5	NO
Q9Y2Y8	NO
Q9UGI9	NO
P31321	NO
P41743	NO
O60260	NO
O75569	NO
O60678	NO
Q9UKY0	NO
P58294	NO
O43490	NO
A6NEY8	NO
Q2NL68	NO
Q9UMS4	NO
P41219	NO
Q96HE9	NO
Q5THK1	NO
Q9BU68	NO
Q8IV56	NO
Q8N4B5	NO
P86496	NO
P86481	NO
A6NEV1	NO
P0DMB1	NO
Q96S07	NO
B1ATL7	NO
P0CG20	NO
P79522	NO
P85299	NO
O14668	NO
Q7Z6L0	NO
Q5FWE3	NO
Q9GZN4	NO
Q9BQR3	NO
Q2L4Q9	NO
Q2VWP7	NO
Q6NUJ1	NO
P11464	NO
O75475	NO
P11801	NO
A5LHX3	NO
Q9P2W1	NO
O95456	NO
Q96PY0	NO
Q9BT73	NO
Q5JS54	NO
O60542	NO
Q6PGN9	NO
O43586	NO
P60484	NO
E9PB15	NO
Q03431	NO
P01270	NO
P21246	NO
O75365	NO
Q8WUK0	NO
Q15678	NO
Q4JDL3	NO
Q16825	NO
P17706	NO
P43378	NO
Q9HD43	NO
Q92932	NO
Q15256	NO
Q03393	NO
O95997	NO
Q9NZH5	NO
Q9NZH4	NO
Q5TGL8	NO
A1KZ92	NO
P49023	NO
Q96C36	NO
Q8WXC3	NO
Q6K0P9	NO
P10082	NO
Q16769	NO
Q9H0J4	NO
Q2KHR3	NO
Q7Z5L2	NO
Q9Y3T6	NO
Q15032	NO
Q9BXF6	NO
A4D1S5	NO
Q8WUD1	NO
O95755	NO
Q14964	NO
Q96DA2	NO
P20337	NO
Q8TBN0	NO
Q96QF0	NO
Q9H5N1	NO
Q7Z6M1	NO
Q5R372	NO
Q9UNT1	NO
Q96B01	NO
Q09MP3	NO
Q06609	NO
Q96JH8	NO
Q15311	NO
Q2PPJ7	NO
Q5JS13	NO
Q86X27	NO
Q86SE5	NO
Q9UKM9	NO
O60895	NO
O60896	NO
P49792	NO
Q86VV4	NO
O60518	NO
Q9HD47	NO
Q8TEU7	NO
P49788	NO
Q8IZ41	NO
Q13972	NO
A6NK89	NO
P50749	NO
Q8WWW0	NO
Q02833	NO
O75901	NO
Q9Y2V3	NO
Q15291	NO
Q99708	NO
Q8N0V3	NO
A6NFN3	NO
Q9H477	NO
Q96I25	NO
Q9Y4C8	NO
Q5T481	NO
P49756	NO
Q9P2N5	NO
Q96EV2	NO
P98179	NO
Q5RL73	NO
Q6XE24	NO
P82980	NO
Q96R05	NO
Q93062	NO
Q5TC82	NO
P18754	NO
Q9UKL0	NO
O94762	NO
Q9H6H4	NO
Q6UW15	NO
Q01201	NO
Q8IYK8	NO
P00797	NO
Q96D71	NO
Q96A58	NO
Q13127	NO
Q9Y3B8	NO
P35251	NO
P35249	NO
Q8WZ73	NO
Q6ZTI6	NO
P48378	NO
P48382	NO
O15211	NO
Q6NW40	NO
O14924	NO
P49796	NO
P49798	NO
O15539	NO
Q6MZT1	NO
P57771	NO
Q6ZWK4	NO
O94844	NO
P08134	NO
Q8TCX5	NO
Q8N443	NO
Q9NVN3	NO
Q6R327	NO
O95786	NO
Q5EBL4	NO
Q96NA2	NO
A6NDU8	NO
Q13671	NO
Q6NUQ1	NO
Q9BVS4	NO
Q9Y572	NO
P57078	NO
Q96K30	NO
P12271	NO
P04808	NO
Q8WXF3	NO
Q5GAN6	NO
P60153	NO
O75792	NO
P61587	NO
Q8N5U6	NO
Q8IUD6	NO
Q8WVD5	NO
Q8IYW5	NO
Q8NCN4	NO
Q9BXT8	NO
Q9H0X6	NO
A8MTL3	NO
Q8ND24	NO
A6NIN4	NO
Q96BH1	NO
Q96EP0	NO
Q9H0A6	NO
Q969K3	NO
Q9H0F5	NO
O75150	NO
Q9H4P4	NO
Q68DV7	NO
P78317	NO
Q99942	NO
Q96LT9	NO
Q96MS0	NO
Q01974	NO
P35398	NO
Q92753	NO
P56715	NO
P15927	NO
Q13156	NO
Q86UA6	NO
Q8IXW5	NO
Q9H6T3	NO
Q2QD12	NO
Q96AT9	NO
Q9H9Y2	NO
Q68CZ1	NO
Q92834	NO
Q9UNE2	NO
Q9Y2J0	NO
P50914	NO
P46777	NO
P05386	NO
P78346	NO
Q96P16	NO
Q9NQG5	NO
P46783	NO
Q7LG56	NO
P31350	NO
Q9NYV6	NO
Q9Y3B9	NO
P56182	NO
Q9NSQ0	NO
Q8WXG1	NO
Q5TD94	NO
Q2MKA7	NO
Q9BXY4	NO
Q96IZ7	NO
Q9BUV0	NO
Q9BSG5	NO
Q9NZ71	NO
Q9BY42	NO
Q8IZC4	NO
Q8WWV3	NO
Q9BZR6	NO
Q96DX8	NO
Q9H714	NO
Q9BVN2	NO
Q9Y3V2	NO
Q8N488	NO
P34925	NO
Q99584	NO
Q96FQ6	NO
P33764	NO
P33763	NO
P29377	NO
Q8WXG8	NO
Q14151	NO
Q9NXZ1	NO
P10523	NO
Q9UJQ4	NO
Q8N8I0	NO
Q5VXD3	NO
Q9P1V8	NO
Q96LT4	NO
Q6NSI8	NO
O00422	NO
O43290	NO
O75995	NO
Q6UVJ0	NO
P21673	NO
Q96F10	NO
Q01826	NO
Q9H4B6	NO
Q8IVN8	NO
Q99590	NO
Q8WTV0	NO
Q14108	NO
Q14162	NO
Q96GP6	NO
O95171	NO
Q13296	NO
Q96PL1	NO
O76038	NO
Q9Y6U3	NO
Q96NL6	NO
Q96I15	NO
Q99250	NO
O60939	NO
Q9NY46	NO
P35499	NO
Q8IWT1	NO
O75711	NO
Q14160	NO
P09683	NO
O75056	NO
Q86SQ7	NO
Q99470	NO
Q5VUM1	NO
Q8N3Y7	NO
Q96GA7	NO
P55735	NO
Q93073	NO
Q9UBV2	NO
Q8IZQ5	NO
Q9BVL4	NO
Q13591	NO
Q9H3T3	NO
Q9H3T2	NO
Q9HC62	NO
Q96LD8	NO
Q9P0V9	NO
Q6ZU15	NO
Q9UH03	NO
Q92599	NO
Q86WD7	NO
P48594	NO
P36952	NO
O75830	NO
Q9UHV2	NO
Q14140	NO
Q9NUC0	NO
Q86VW0	NO
Q9Y6X0	NO
Q9C0A6	NO
Q8WTS6	NO
Q53H47	NO
Q53EL9	NO
Q15393	NO
Q15427	NO
Q8N474	NO
Q13326	NO
Q96ES7	NO
O00141	NO
P51688	NO
Q9UQQ2	NO
O60880	NO
Q8N5H7	NO
A6NKC9	NO
Q9Y3L3	NO
Q7L8J4	NO
O60239	NO
Q5HYK7	NO
A4FU49	NO
Q99963	NO
Q9Y566	NO
P29353	NO
Q92529	NO
Q96IW2	NO
Q5VZ18	NO
Q5VXU9	NO
O60902	NO
O15266	NO
Q149N8	NO
Q2M3G4	NO
Q13796	NO
Q8TF72	NO
Q9ULL8	NO
Q96LC7	NO
Q6ZMC9	NO
Q9BZZ2	NO
O15389	NO
O43699	NO
Q9NYZ4	NO
Q9Y336	NO
Q9Y2K2	NO
Q9BRV8	NO
Q9H173	NO
P81133	NO
Q8NDZ2	NO
O75182	NO
Q96FS4	NO
Q9P1W8	NO
Q96EB6	NO
Q8IXJ6	NO
Q9NTG7	NO
Q9NXA8	NO
Q8N6T7	NO
Q9Y3P8	NO
Q96BD8	NO
Q86WV1	NO
Q15477	NO
P12757	NO
P84550	NO
Q96DU3	NO
Q9P0V8	NO
Q13621	NO
Q9BXP2	NO
Q9BZW2	NO
Q13183	NO
P53985	NO
P41440	NO
P43007	NO
O00337	NO
Q8N130	NO
Q6ZMH5	NO
Q9NP59	NO
Q53GD3	NO
Q86UW2	NO
Q92911	NO
Q9GZT3	NO
O94813	NO
Q96PX8	NO
Q9H156	NO
O94991	NO
Q9H5Y7	NO
P55000	NO
Q5VYV7	NO
P84022	NO
Q99717	NO
Q8IYB5	NO
P28370	NO
P51531	NO
P51532	NO
Q9UQE7	NO
Q9NTJ3	NO
Q8IY18	NO
Q96SB8	NO
A6NFE2	NO
A2RU48	NO
P49901	NO
Q86US8	NO
Q92540	NO
O75940	NO
Q9NWM0	NO
Q9NY59	NO
Q92485	NO
P52788	NO
Q2TAL5	NO
Q9HCE7	NO
Q9HAU4	NO
Q9H7B4	NO
P60880	NO
Q9Y6H5	NO
Q9NRH2	NO
P08579	NO
P62316	NO
A6NMZ2	NO
P55769	NO
Q96RF0	NO
Q92543	NO
Q8TEQ0	NO
Q8WV41	NO
Q9NX45	NO
Q9BX66	NO
Q8WY21	NO
Q96PQ0	NO
Q9UPU3	NO
Q6X4U4	NO
Q2M3V2	NO
A6NEL2	NO
Q53LP3	NO
Q9UN79	NO
O95416	NO
P48431	NO
O94993	NO
Q06945	NO
P35712	NO
Q9BT81	NO
P57073	NO
P48436	NO
Q13342	NO
Q02447	NO
Q8TDD2	NO
Q15506	NO
Q96QH8	NO
Q96KW9	NO
Q8N0X2	NO
Q07617	NO
Q96R06	NO
O75391	NO
Q99932	NO
Q9NS25	NO
Q5MJ10	NO
Q8N0X7	NO
Q9UBP0	NO
Q8TC71	NO
Q7Z5L4	NO
Q5VX52	NO
Q7Z572	NO
Q86W54	NO
Q8IUW3	NO
Q96N06	NO
Q8NHX4	NO
Q8N4H0	NO
Q9P0W8	NO
Q76KD6	NO
Q496A3	NO
Q86XZ4	NO
Q96EA4	NO
Q9Y4P9	NO
Q96T58	NO
Q9NZD8	NO
P20155	NO
O60575	NO
Q6UWN8	NO
P0C7L1	NO
O43291	NO
P49223	NO
Q8WWL2	NO
Q08629	NO
Q5T280	NO
Q7Z698	NO
Q9H741	NO
P22528	NO
Q9UBC9	NO
Q9H040	NO
O43597	NO
O15020	NO
O15269	NO
Q9BXG8	NO
Q8N5C6	NO
Q9C0H9	NO
Q8NEF9	NO
P0DMP2	NO
O75044	NO
O43295	NO
P37108	NO
P78362	NO
Q9BXP5	NO
Q05066	NO
Q76I76	NO
O43805	NO
P32745	NO
Q9Y2M2	NO
O60225	NO
Q8NFI4	NO
Q11201	NO
Q96JF0	NO
Q92185	NO
P61647	NO
Q6ZMT1	NO
Q96MF2	NO
Q99469	NO
Q8WVM7	NO
Q9UJ98	NO
Q9UGK3	NO
Q9Y365	NO
Q9Y3M8	NO
Q14849	NO
Q92502	NO
Q9P2P6	NO
P49675	NO
O95793	NO
P52823	NO
Q9UHE8	NO
Q687X5	NO
Q9H5V9	NO
Q8N1F8	NO
Q15831	NO
Q9NY57	NO
Q86UX6	NO
Q9BYT3	NO
Q8TDR2	NO
Q9NRP7	NO
Q93045	NO
Q9H169	NO
Q9Y6Q2	NO
Q9P2F5	NO
Q5TH74	NO
Q7Z7C7	NO
P56962	NO
P61266	NO
P32856	NO
Q13277	NO
Q13190	NO
O43752	NO
Q6ZWJ1	NO
Q9Y2K9	NO
Q9UMX1	NO
Q8IWZ8	NO
O00338	NO
P49888	NO
Q06520	NO
Q8NBK3	NO
P63165	NO
P51687	NO
Q8NEM7	NO
Q15527	NO
Q5VX71	NO
Q7L0J3	NO
Q9UH65	NO
A8MT33	NO
Q8IZU3	NO
O95926	NO
Q6ZMZ3	NO
Q96PV0	NO
O15061	NO
P21579	NO
Q8IYJ3	NO
Q9HCH5	NO
Q4VX76	NO
O95359	NO
P09758	NO
O75528	NO
Q15544	NO
O75529	NO
Q7Z5A9	NO
Q7Z5A8	NO
Q7Z5A7	NO
Q9UI15	NO
Q9C0D5	NO
Q92844	NO
Q15633	NO
B6A8C7	NO
A2RTX5	NO
Q86VP1	NO
Q9HA65	NO
Q9NU19	NO
Q2M2D7	NO
Q9BYX2	NO
Q96DN5	NO
Q96NH3	NO
Q15814	NO
Q8TEA7	NO
O60907	NO
Q6SJ96	NO
Q16650	NO
Q9Y458	NO
Q13207	NO
Q15560	NO
Q15170	NO
Q96MN5	NO
O14776	NO
Q9BQ70	NO
Q5QJ38	NO
Q9BT92	NO
P56279	NO
O95988	NO
Q13428	NO
Q8WWU5	NO
P13385	NO
P48775	NO
Q9H7E2	NO
Q9Y2W6	NO
Q7Z6L1	NO
O75443	NO
Q96PL2	NO
Q7L2K0	NO
Q10587	NO
Q969V4	NO
Q9BXF9	NO
Q8WW24	NO
Q02763	NO
Q9Y4R8	NO
Q8NDF8	NO
Q96IP4	NO
Q96N21	NO
P54274	NO
Q9NYB0	NO
Q9Y4I5	NO
Q9UGI8	NO
Q6N021	NO
Q9BY14	NO
Q8IYF3	NO
Q9BXU0	NO
Q9BXU3	NO
O43247	NO
Q5T0J7	NO
Q96LM6	NO
Q53QW1	NO
Q8N6V9	NO
P05549	NO
Q5H9I0	NO
P19484	NO
P48307	NO
P01135	NO
P61812	NO
Q15583	NO
O43548	NO
Q96RS0	NO
Q9P2Z0	NO
O43422	NO
Q8WTV1	NO
Q8WY91	NO
P07204	NO
P0DJG4	NO
Q9BU02	NO
Q9P016	NO
P07101	NO
P31483	NO
Q7Z2Z1	NO
Q9NQ88	NO
Q96MW7	NO
Q495A1	NO
P62072	NO
O60220	NO
Q99727	NO
Q7Z3E1	NO
Q5JTD0	NO
O95049	NO
P04183	NO
Q04725	NO
Q9H808	NO
Q15399	NO
O60603	NO
O15455	NO
O00206	NO
P31314	NO
Q96EY4	NO
Q8N6Q1	NO
Q96A25	NO
A2VDJ0	NO
Q9NWD8	NO
P82094	NO
Q9NZR1	NO
Q9NZQ9	NO
Q86T26	NO
P98073	NO
Q9NRS4	NO
Q9H3S3	NO
Q9Y320	NO
Q03169	NO
Q6P589	NO
O95379	NO
O00220	NO
O14763	NO
O14798	NO
Q9Y6Q6	NO
O00300	NO
O14836	NO
Q96RJ3	NO
Q9NS68	NO
P43489	NO
O95407	NO
P28908	NO
Q07011	NO
P50591	NO
O14788	NO
O43508	NO
Q9Y275	NO
O75888	NO
O43557	NO
O95150	NO
P41273	NO
P01375	NO
Q15025	NO
Q9C0C2	NO
P19429	NO
P45379	NO
Q9UPQ9	NO
Q92752	NO
Q8IZW8	NO
Q9Y4F4	NO
Q6ZUX3	DOWN
O75674	NO
Q15388	NO
Q15785	NO
Q969P6	NO
P11387	NO
Q02880	NO
Q8N6T0	NO
Q5JTV8	NO
O15405	NO
O94900	NO
Q12888	NO
Q13625	NO
Q53FA7	NO
Q96A56	NO
Q8IXH6	NO
P04637	NO
O15350	NO
P0DKB5	NO
Q96J77	NO
Q68CL5	NO
Q9H3S4	NO
P59282	NO
Q5T0D9	NO
Q9Y3C4	NO
Q4KMQ1	NO
P12270	NO
Q15661	NO
Q9BZJ3	NO
Q9ULW0	NO
Q12933	NO
Q8TDR0	NO
O43734	NO
Q13114	NO
O14545	NO
Q9UPV9	NO
Q9Y296	NO
O14717	NO
Q9NZC2	NO
Q96PN7	NO
O43715	NO
Q14142	NO
Q9Y577	NO
O15164	NO
Q12899	NO
Q9BZY9	NO
Q9HCM9	NO
Q6P9F5	NO
Q8WV44	NO
Q96LD4	NO
Q9BYV2	NO
Q9C035	NO
Q495X7	NO
Q86WT6	NO
Q15643	NO
Q15645	NO
Q9BU70	NO
Q7L0Y3	NO
Q9NUP7	NO
Q9P272	NO
Q8TEL6	NO
Q9UBN4	NO
A6NMA1	NO
Q9UHF7	NO
Q8NER1	NO
Q8NET8	NO
Q92574	NO
Q3SY00	NO
P01222	NO
Q9NRE2	NO
Q969D9	NO
Q2TAA8	NO
O95857	NO
O60635	NO
P41732	NO
P19075	UP
O95153	NO
Q9H0U9	NO
Q86VY4	NO
Q9UJK0	NO
Q9Y5U2	NO
Q5TCY1	NO
Q9H892	NO
Q96N46	NO
Q8NEE8	NO
Q8NDW8	NO
A2A3L6	NO
Q5I0X7	NO
Q8N0Z6	NO
Q9UNY4	NO
Q14679	NO
Q6EMB2	NO
Q8N841	NO
Q6ZT98	NO
Q13509	NO
A6NNZ2	NO
Q3ZCM7	NO
Q9NRH3	NO
Q9NRJ4	NO
Q5TAX3	NO
Q96RR1	NO
P42681	NO
Q8N3L3	NO
Q9BZA5	NO
O14530	NO
Q6F5E7	NO
P04818	NO
Q9NV66	NO
A2RUC4	NO
P62987	NO
Q5T6F2	NO
P63146	NO
P62837	NO
Q96LR5	NO
O14933	NO
Q5VVX9	NO
Q8N7F7	NO
Q6ZU65	NO
O94941	NO
Q9H347	NO
Q8IYU4	NO
Q8IWV8	NO
Q8N806	NO
Q8WUN7	NO
P0CB47	NO
P17480	NO
Q96LJ8	NO
Q5T124	NO
Q04323	NO
P68543	NO
Q14CS0	NO
Q9HA47	NO
Q8WVF2	NO
O60701	NO
Q96PU4	NO
Q8IYT8	NO
Q96C45	NO
C9J7I0	NO
Q6UXZ4	NO
Q9P2D8	NO
P13051	NO
Q9H9P5	NO
Q9H1J1	NO
Q9BZI7	NO
O75631	NO
B0FP48	NO
Q9BRT2	NO
A6NGE7	NO
P10746	NO
Q9Y6N9	NO
Q495M9	NO
P51784	NO
Q9UHP3	NO
Q96RU2	NO
Q70CQ4	NO
Q8TEY7	NO
Q70CQ2	NO
Q9P275	NO
Q86T82	NO
Q9H9J4	NO
Q70EL4	NO
Q86UV5	NO
P40818	NO
O75379	NO
Q7L8A9	NO
Q5SQQ9	NO
Q9UIW0	NO
Q9H867	NO
P15692	NO
P49765	NO
O95498	NO
Q9P1Q0	NO
Q99986	NO
Q8IV63	NO
Q86VR7	NO
Q96IQ7	NO
P62760	NO
A6NLU5	NO
Q96N03	NO
Q8IW00	NO
Q7Z7D3	NO
Q96AJ9	NO
Q6PCB0	NO
Q8N398	NO
A3KMH1	NO
B2RUY7	NO
Q2TAL6	NO
Q7Z5K2	NO
O00401	NO
Q6ICG8	NO
Q9H6R7	NO
O75717	NO
Q8TBZ3	NO
Q96S15	NO
Q64LD2	NO
O15213	NO
Q7Z5U6	NO
Q9H977	NO
B1ANS9	NO
Q9NW82	NO
Q8WWY7	NO
Q9HC57	NO
Q14508	NO
Q8IUB2	NO
Q96NZ8	NO
Q8TF30	NO
Q9P202	NO
Q9Y5W5	NO
Q9BYP7	NO
Q96J92	NO
Q9UBV4	NO
O00755	NO
O14904	NO
Q14191	NO
Q2TBF2	NO
P19544	NO
Q8IX03	NO
Q6AWC2	NO
Q9H0M0	NO
P47992	NO
P55808	NO
P98170	NO
A4UGR9	NO
Q9UBH6	NO
P18887	NO
O43543	NO
Q13426	NO
Q6P2D8	NO
Q9NRH1	NO
Q9Y2T7	NO
Q8N7P7	NO
P13994	NO
Q9BW85	NO
Q8IYB0	NO
Q6ZSR3	NO
Q96M66	NO
Q6ZRN7	NO
Q7Z739	NO
A8MT66	NO
Q9H869	NO
P25490	NO
O15391	NO
O75132	NO
Q49AG3	NO
P86452	NO
Q9H171	NO
Q05516	NO
Q13105	NO
Q99592	NO
Q9HC78	NO
Q9Y2Y4	NO
Q8NCP5	NO
P10074	NO
Q6ZSB9	NO
O15156	NO
A1YPR0	NO
Q96GY0	NO
Q5TFG8	NO
Q5D1E8	NO
A2A288	NO
Q8WU90	NO
P61129	NO
Q86WB0	NO
Q8WYQ9	NO
P0CG32	NO
Q9C0B9	NO
Q6NZY4	NO
Q9H0M4	NO
Q504Y3	NO
Q7Z7L7	NO
Q8WV99	NO
Q9H8U3	NO
Q86XD8	NO
Q6FIF0	NO
Q9P243	NO
Q15911	NO
Q9NU63	NO
Q8TF47	NO
Q9UPR6	NO
P17010	NO
Q7Z3T8	NO
Q9HCC9	NO
O95405	NO
Q9Y6X8	NO
O60481	NO
Q96T25	NO
Q9BRR0	NO
Q9HA38	NO
Q15326	NO
Q9H091	NO
P52739	NO
Q9Y473	NO
O95125	NO
O43670	NO
O75362	NO
Q0IIN9	NO
O43296	NO
Q96GC6	NO
Q9UDV7	NO
Q9Y3S2	NO
Q9UL40	NO
Q9GZX5	NO
P13682	NO
Q96PM9	NO
Q569K4	NO
Q53GI3	NO
Q96N95	NO
Q8NF99	NO
Q2M1K9	NO
Q7Z3I7	NO
Q9ULD9	NO
Q9BS31	NO
Q8N1G0	NO
Q6NUN9	NO
Q96N20	NO
P51815	NO
A8K554	NO
Q96NB3	NO
Q5JPB2	NO
A8K0R7	NO
Q9P2E3	NO
Q8IUF1	NO
O60232	NO
Q8WWF5	NO
P21754	NO
Q12836	NO
O75312	NO
Q9UGI0	NO
Q5FWF4	NO
Q15696	NO
Q9Y5A6	NO
Q96LW9	NO
Q96MP5	NO
A7E2V4	NO
Q96AP4	NO
Q9H900	NO
