phecode,predictor,cases,controls,C_test,C_boot_lo,C_boot_hi,disease,outcome_label
CA_101.1,Pseudo_M_Value,55,20548,0.650854749,0.507862905,0.793827078,Malignant neoplasm of the esophagus,"Malignant neoplasm of the esophagus (cases=55, controls=20548)"
CA_101.1,HbA1c,55,20548,0.510146609,0.321597586,0.688793139,Malignant neoplasm of the esophagus,"Malignant neoplasm of the esophagus (cases=55, controls=20548)"
CA_101.1,TG_HDL_ratio,55,20548,0.548383901,0.368528168,0.724081462,Malignant neoplasm of the esophagus,"Malignant neoplasm of the esophagus (cases=55, controls=20548)"
CA_101.1,LDL_0,55,20548,0.537086704,0.386645752,0.680673912,Malignant neoplasm of the esophagus,"Malignant neoplasm of the esophagus (cases=55, controls=20548)"
CA_101.1,LDLadj,55,20548,0.454633177,0.282606129,0.609950003,Malignant neoplasm of the esophagus,"Malignant neoplasm of the esophagus (cases=55, controls=20548)"
CA_101.1,Leucine,55,20548,0.462792471,0.229060483,0.676816287,Malignant neoplasm of the esophagus,"Malignant neoplasm of the esophagus (cases=55, controls=20548)"
CA_101.1,Isoleucine,55,20548,0.455608984,0.168070004,0.676864863,Malignant neoplasm of the esophagus,"Malignant neoplasm of the esophagus (cases=55, controls=20548)"
CA_101.1,Valine,55,20548,0.567079251,0.295287155,0.777316467,Malignant neoplasm of the esophagus,"Malignant neoplasm of the esophagus (cases=55, controls=20548)"
CA_101.41,Pseudo_M_Value,234,20261,0.639891559,0.571225299,0.70854993,Colorectal cancer,"Colorectal cancer (cases=234, controls=20261)"
CA_101.41,HbA1c,234,20261,0.602859492,0.533619137,0.678347237,Colorectal cancer,"Colorectal cancer (cases=234, controls=20261)"
CA_101.41,TG_HDL_ratio,234,20261,0.572825825,0.503342467,0.645039172,Colorectal cancer,"Colorectal cancer (cases=234, controls=20261)"
CA_101.41,LDL_0,234,20261,0.493931981,0.417875401,0.566130815,Colorectal cancer,"Colorectal cancer (cases=234, controls=20261)"
CA_101.41,LDLadj,234,20261,0.525128958,0.449567888,0.598872069,Colorectal cancer,"Colorectal cancer (cases=234, controls=20261)"
CA_101.41,Leucine,234,20261,0.57736382,0.478034007,0.673831164,Colorectal cancer,"Colorectal cancer (cases=234, controls=20261)"
CA_101.41,Isoleucine,234,20261,0.595499727,0.502480306,0.685793377,Colorectal cancer,"Colorectal cancer (cases=234, controls=20261)"
CA_101.41,Valine,234,20261,0.585555972,0.476675986,0.685540404,Colorectal cancer,"Colorectal cancer (cases=234, controls=20261)"
CA_102.1,Pseudo_M_Value,156,20434,0.670086448,0.591533079,0.745821308,Malignant neoplasm of bronchus/lung,"Malignant neoplasm of bronchus/lung (cases=156, controls=20434)"
CA_102.1,HbA1c,156,20434,0.646295293,0.555478916,0.729573124,Malignant neoplasm of bronchus/lung,"Malignant neoplasm of bronchus/lung (cases=156, controls=20434)"
CA_102.1,TG_HDL_ratio,156,20434,0.411967873,0.331431038,0.493777583,Malignant neoplasm of bronchus/lung,"Malignant neoplasm of bronchus/lung (cases=156, controls=20434)"
CA_102.1,LDL_0,156,20434,0.581977902,0.479138478,0.681659905,Malignant neoplasm of bronchus/lung,"Malignant neoplasm of bronchus/lung (cases=156, controls=20434)"
CA_102.1,LDLadj,156,20434,0.501515468,0.399364926,0.594381237,Malignant neoplasm of bronchus/lung,"Malignant neoplasm of bronchus/lung (cases=156, controls=20434)"
CA_102.1,Leucine,156,20434,0.371572928,0.270562967,0.47671089,Malignant neoplasm of bronchus/lung,"Malignant neoplasm of bronchus/lung (cases=156, controls=20434)"
CA_102.1,Isoleucine,156,20434,0.388799676,0.295482104,0.482448281,Malignant neoplasm of bronchus/lung,"Malignant neoplasm of bronchus/lung (cases=156, controls=20434)"
CA_102.1,Valine,156,20434,0.391337565,0.28990694,0.484592722,Malignant neoplasm of bronchus/lung,"Malignant neoplasm of bronchus/lung (cases=156, controls=20434)"
CA_105,Pseudo_M_Value,436,19795,0.51692272,0.463266351,0.566949682,Malignant neoplasm of the breast,"Malignant neoplasm of the breast (cases=436, controls=19795)"
CA_105,HbA1c,436,19795,0.436273877,0.383278903,0.485300053,Malignant neoplasm of the breast,"Malignant neoplasm of the breast (cases=436, controls=19795)"
CA_105,TG_HDL_ratio,436,19795,0.578678626,0.526317258,0.63001965,Malignant neoplasm of the breast,"Malignant neoplasm of the breast (cases=436, controls=19795)"
CA_105,LDL_0,436,19795,0.448712337,0.400334067,0.494996951,Malignant neoplasm of the breast,"Malignant neoplasm of the breast (cases=436, controls=19795)"
CA_105,LDLadj,436,19795,0.435802968,0.382274282,0.492328049,Malignant neoplasm of the breast,"Malignant neoplasm of the breast (cases=436, controls=19795)"
CA_105,Leucine,436,19795,0.592976177,0.517972268,0.665537827,Malignant neoplasm of the breast,"Malignant neoplasm of the breast (cases=436, controls=19795)"
CA_105,Isoleucine,436,19795,0.555703556,0.479242095,0.643054699,Malignant neoplasm of the breast,"Malignant neoplasm of the breast (cases=436, controls=19795)"
CA_105,Valine,436,19795,0.565459209,0.484175362,0.640093516,Malignant neoplasm of the breast,"Malignant neoplasm of the breast (cases=436, controls=19795)"
CA_108.5,Pseudo_M_Value,102,20462,0.694649163,0.583030225,0.799788567,Malignant neoplasm of the bladder,"Malignant neoplasm of the bladder (cases=102, controls=20462)"
CA_108.5,HbA1c,102,20462,0.584534777,0.438849432,0.720930018,Malignant neoplasm of the bladder,"Malignant neoplasm of the bladder (cases=102, controls=20462)"
CA_108.5,TG_HDL_ratio,102,20462,0.571403347,0.45110781,0.692413703,Malignant neoplasm of the bladder,"Malignant neoplasm of the bladder (cases=102, controls=20462)"
CA_108.5,LDL_0,102,20462,0.599875366,0.499351779,0.685666027,Malignant neoplasm of the bladder,"Malignant neoplasm of the bladder (cases=102, controls=20462)"
CA_108.5,LDLadj,102,20462,0.547636161,0.434937621,0.663780803,Malignant neoplasm of the bladder,"Malignant neoplasm of the bladder (cases=102, controls=20462)"
CA_108.5,Leucine,102,20462,0.456626187,0.307301349,0.616047446,Malignant neoplasm of the bladder,"Malignant neoplasm of the bladder (cases=102, controls=20462)"
CA_108.5,Isoleucine,102,20462,0.460372909,0.318585116,0.614182105,Malignant neoplasm of the bladder,"Malignant neoplasm of the bladder (cases=102, controls=20462)"
CA_108.5,Valine,102,20462,0.516861119,0.35437252,0.666732573,Malignant neoplasm of the bladder,"Malignant neoplasm of the bladder (cases=102, controls=20462)"
CA_112,Pseudo_M_Value,912,19370,0.619365173,0.583415686,0.652236345,Malignant neoplasm of other/ill-defined sites,"Malignant neoplasm of other/ill-defined sites (cases=912, controls=19370)"
CA_112,HbA1c,912,19370,0.541349015,0.501628375,0.579360042,Malignant neoplasm of other/ill-defined sites,"Malignant neoplasm of other/ill-defined sites (cases=912, controls=19370)"
CA_112,TG_HDL_ratio,912,19370,0.534632037,0.497504762,0.574823222,Malignant neoplasm of other/ill-defined sites,"Malignant neoplasm of other/ill-defined sites (cases=912, controls=19370)"
CA_112,LDL_0,912,19370,0.531905485,0.494508625,0.569806374,Malignant neoplasm of other/ill-defined sites,"Malignant neoplasm of other/ill-defined sites (cases=912, controls=19370)"
CA_112,LDLadj,912,19370,0.52944339,0.494584186,0.561914975,Malignant neoplasm of other/ill-defined sites,"Malignant neoplasm of other/ill-defined sites (cases=912, controls=19370)"
CA_112,Leucine,912,19370,0.463835851,0.414716069,0.513172619,Malignant neoplasm of other/ill-defined sites,"Malignant neoplasm of other/ill-defined sites (cases=912, controls=19370)"
CA_112,Isoleucine,912,19370,0.448231024,0.398026586,0.501048313,Malignant neoplasm of other/ill-defined sites,"Malignant neoplasm of other/ill-defined sites (cases=912, controls=19370)"
CA_112,Valine,912,19370,0.453345216,0.402434818,0.50262167,Malignant neoplasm of other/ill-defined sites,"Malignant neoplasm of other/ill-defined sites (cases=912, controls=19370)"
CA_122.2,Pseudo_M_Value,71,20503,0.565600186,0.423627313,0.696972151,Non-Hodgkin lymphoma,"Non-Hodgkin lymphoma (cases=71, controls=20503)"
CA_122.2,HbA1c,71,20503,0.665985581,0.560476745,0.749991031,Non-Hodgkin lymphoma,"Non-Hodgkin lymphoma (cases=71, controls=20503)"
CA_122.2,TG_HDL_ratio,71,20503,0.60202443,0.459416094,0.725164911,Non-Hodgkin lymphoma,"Non-Hodgkin lymphoma (cases=71, controls=20503)"
CA_122.2,LDL_0,71,20503,0.614157047,0.480449505,0.745194356,Non-Hodgkin lymphoma,"Non-Hodgkin lymphoma (cases=71, controls=20503)"
CA_122.2,LDLadj,71,20503,0.548008109,0.45022094,0.660429861,Non-Hodgkin lymphoma,"Non-Hodgkin lymphoma (cases=71, controls=20503)"
CA_122.2,Leucine,71,20503,0.563346625,0.38674137,0.724376378,Non-Hodgkin lymphoma,"Non-Hodgkin lymphoma (cases=71, controls=20503)"
CA_122.2,Isoleucine,71,20503,0.587990383,0.417260692,0.736342322,Non-Hodgkin lymphoma,"Non-Hodgkin lymphoma (cases=71, controls=20503)"
CA_122.2,Valine,71,20503,0.380492169,0.237078254,0.534142292,Non-Hodgkin lymphoma,"Non-Hodgkin lymphoma (cases=71, controls=20503)"
CA_136.2,Pseudo_M_Value,324,20202,0.616633694,0.553063418,0.670928143,Benign neoplasm of stomach,"Benign neoplasm of stomach (cases=324, controls=20202)"
CA_136.2,HbA1c,324,20202,0.56062286,0.493185309,0.624705918,Benign neoplasm of stomach,"Benign neoplasm of stomach (cases=324, controls=20202)"
CA_136.2,TG_HDL_ratio,324,20202,0.47244993,0.416978701,0.529574016,Benign neoplasm of stomach,"Benign neoplasm of stomach (cases=324, controls=20202)"
CA_136.2,LDL_0,324,20202,0.48503037,0.418723016,0.544613589,Benign neoplasm of stomach,"Benign neoplasm of stomach (cases=324, controls=20202)"
CA_136.2,LDLadj,324,20202,0.546919125,0.481557777,0.612502825,Benign neoplasm of stomach,"Benign neoplasm of stomach (cases=324, controls=20202)"
CA_136.2,Leucine,324,20202,0.495066841,0.412861476,0.574985841,Benign neoplasm of stomach,"Benign neoplasm of stomach (cases=324, controls=20202)"
CA_136.2,Isoleucine,324,20202,0.496327656,0.410252747,0.58292477,Benign neoplasm of stomach,"Benign neoplasm of stomach (cases=324, controls=20202)"
CA_136.2,Valine,324,20202,0.498984245,0.417014505,0.577945641,Benign neoplasm of stomach,"Benign neoplasm of stomach (cases=324, controls=20202)"
CV_401,Pseudo_M_Value,3551,15293,0.676105623,0.658491418,0.693530834,Hypertension,"Hypertension (cases=3551, controls=15293)"
CV_401,HbA1c,3551,15293,0.604706264,0.58681759,0.624092582,Hypertension,"Hypertension (cases=3551, controls=15293)"
CV_401,TG_HDL_ratio,3551,15293,0.593059901,0.573783367,0.610304294,Hypertension,"Hypertension (cases=3551, controls=15293)"
CV_401,LDL_0,3551,15293,0.541680561,0.522683183,0.562862919,Hypertension,"Hypertension (cases=3551, controls=15293)"
CV_401,LDLadj,3551,15293,0.539491518,0.520642996,0.558283775,Hypertension,"Hypertension (cases=3551, controls=15293)"
CV_401,Leucine,3551,15293,0.541362528,0.515746154,0.566463717,Hypertension,"Hypertension (cases=3551, controls=15293)"
CV_401,Isoleucine,3551,15293,0.541369281,0.515511874,0.564836471,Hypertension,"Hypertension (cases=3551, controls=15293)"
CV_401,Valine,3551,15293,0.555188582,0.532714231,0.578526707,Hypertension,"Hypertension (cases=3551, controls=15293)"
CV_403,Pseudo_M_Value,619,19486,0.641995064,0.600897864,0.684316979,Angina pectoris,"Angina pectoris (cases=619, controls=19486)"
CV_403,HbA1c,619,19486,0.570242713,0.524518833,0.615770483,Angina pectoris,"Angina pectoris (cases=619, controls=19486)"
CV_403,TG_HDL_ratio,619,19486,0.606418753,0.562100856,0.648200087,Angina pectoris,"Angina pectoris (cases=619, controls=19486)"
CV_403,LDL_0,619,19486,0.5763968,0.525410399,0.623220404,Angina pectoris,"Angina pectoris (cases=619, controls=19486)"
CV_403,LDLadj,619,19486,0.522374095,0.473196884,0.569919663,Angina pectoris,"Angina pectoris (cases=619, controls=19486)"
CV_403,Leucine,619,19486,0.591169246,0.519900434,0.658257368,Angina pectoris,"Angina pectoris (cases=619, controls=19486)"
CV_403,Isoleucine,619,19486,0.58029758,0.511299137,0.647323799,Angina pectoris,"Angina pectoris (cases=619, controls=19486)"
CV_403,Valine,619,19486,0.603330126,0.536029191,0.675353868,Angina pectoris,"Angina pectoris (cases=619, controls=19486)"
CV_404.1,Pseudo_M_Value,555,19789,0.688403084,0.646868417,0.726762973,Myocardial infarction [Heart attack],"Myocardial infarction [Heart attack] (cases=555, controls=19789)"
CV_404.1,HbA1c,555,19789,0.621534708,0.572994485,0.668996047,Myocardial infarction [Heart attack],"Myocardial infarction [Heart attack] (cases=555, controls=19789)"
CV_404.1,TG_HDL_ratio,555,19789,0.614122087,0.568375711,0.661029848,Myocardial infarction [Heart attack],"Myocardial infarction [Heart attack] (cases=555, controls=19789)"
CV_404.1,LDL_0,555,19789,0.557170494,0.503902215,0.605432911,Myocardial infarction [Heart attack],"Myocardial infarction [Heart attack] (cases=555, controls=19789)"
CV_404.1,LDLadj,555,19789,0.534890314,0.484261315,0.582333544,Myocardial infarction [Heart attack],"Myocardial infarction [Heart attack] (cases=555, controls=19789)"
CV_404.1,Leucine,555,19789,0.508348943,0.445988452,0.573399464,Myocardial infarction [Heart attack],"Myocardial infarction [Heart attack] (cases=555, controls=19789)"
CV_404.1,Isoleucine,555,19789,0.512984506,0.448387454,0.574188666,Myocardial infarction [Heart attack],"Myocardial infarction [Heart attack] (cases=555, controls=19789)"
CV_404.1,Valine,555,19789,0.534904663,0.471752363,0.600823377,Myocardial infarction [Heart attack],"Myocardial infarction [Heart attack] (cases=555, controls=19789)"
CV_404.2,Pseudo_M_Value,802,19297,0.666267497,0.630175984,0.702257531,Coronary atherosclerosis,"Coronary atherosclerosis (cases=802, controls=19297)"
CV_404.2,HbA1c,802,19297,0.576906653,0.536759986,0.619553138,Coronary atherosclerosis,"Coronary atherosclerosis (cases=802, controls=19297)"
CV_404.2,TG_HDL_ratio,802,19297,0.606106365,0.565775402,0.644570748,Coronary atherosclerosis,"Coronary atherosclerosis (cases=802, controls=19297)"
CV_404.2,LDL_0,802,19297,0.501076853,0.455784062,0.544845119,Coronary atherosclerosis,"Coronary atherosclerosis (cases=802, controls=19297)"
CV_404.2,LDLadj,802,19297,0.592876602,0.554793618,0.627646611,Coronary atherosclerosis,"Coronary atherosclerosis (cases=802, controls=19297)"
CV_404.2,Leucine,802,19297,0.552647192,0.498136751,0.612051203,Coronary atherosclerosis,"Coronary atherosclerosis (cases=802, controls=19297)"
CV_404.2,Isoleucine,802,19297,0.553966968,0.498088707,0.612983713,Coronary atherosclerosis,"Coronary atherosclerosis (cases=802, controls=19297)"
CV_404.2,Valine,802,19297,0.571788274,0.515513339,0.629295529,Coronary atherosclerosis,"Coronary atherosclerosis (cases=802, controls=19297)"
CV_406.11,Pseudo_M_Value,7,20604,,,,Primary pulmonary hypertension,"Primary pulmonary hypertension (cases=7, controls=20604)"
CV_406.11,HbA1c,7,20604,,,,Primary pulmonary hypertension,"Primary pulmonary hypertension (cases=7, controls=20604)"
CV_406.11,TG_HDL_ratio,7,20604,,,,Primary pulmonary hypertension,"Primary pulmonary hypertension (cases=7, controls=20604)"
CV_406.11,LDL_0,7,20604,,,,Primary pulmonary hypertension,"Primary pulmonary hypertension (cases=7, controls=20604)"
CV_406.11,LDLadj,7,20604,,,,Primary pulmonary hypertension,"Primary pulmonary hypertension (cases=7, controls=20604)"
CV_406.11,Leucine,7,20604,,,,Primary pulmonary hypertension,"Primary pulmonary hypertension (cases=7, controls=20604)"
CV_406.11,Isoleucine,7,20604,,,,Primary pulmonary hypertension,"Primary pulmonary hypertension (cases=7, controls=20604)"
CV_406.11,Valine,7,20604,,,,Primary pulmonary hypertension,"Primary pulmonary hypertension (cases=7, controls=20604)"
CV_414,Pseudo_M_Value,80,20505,0.672569996,0.559250016,0.791071176,Cardiomyopathy,"Cardiomyopathy (cases=80, controls=20505)"
CV_414,HbA1c,80,20505,0.655574201,0.52378553,0.784562655,Cardiomyopathy,"Cardiomyopathy (cases=80, controls=20505)"
CV_414,TG_HDL_ratio,80,20505,0.663290482,0.552347072,0.763743052,Cardiomyopathy,"Cardiomyopathy (cases=80, controls=20505)"
CV_414,LDL_0,80,20505,0.538077665,0.39517328,0.683190462,Cardiomyopathy,"Cardiomyopathy (cases=80, controls=20505)"
CV_414,LDLadj,80,20505,0.630814157,0.525864642,0.738440911,Cardiomyopathy,"Cardiomyopathy (cases=80, controls=20505)"
CV_414,Leucine,80,20505,0.428114828,0.273081601,0.598614834,Cardiomyopathy,"Cardiomyopathy (cases=80, controls=20505)"
CV_414,Isoleucine,80,20505,0.46474737,0.319997463,0.616709551,Cardiomyopathy,"Cardiomyopathy (cases=80, controls=20505)"
CV_414,Valine,80,20505,0.495740815,0.32978059,0.666120114,Cardiomyopathy,"Cardiomyopathy (cases=80, controls=20505)"
CV_424,Pseudo_M_Value,371,20143,0.698928924,0.652003266,0.745832884,Heart failure,"Heart failure (cases=371, controls=20143)"
CV_424,HbA1c,371,20143,0.635884071,0.57793774,0.696353693,Heart failure,"Heart failure (cases=371, controls=20143)"
CV_424,TG_HDL_ratio,371,20143,0.582490598,0.527331868,0.639195624,Heart failure,"Heart failure (cases=371, controls=20143)"
CV_424,LDL_0,371,20143,0.580351954,0.515433786,0.643177566,Heart failure,"Heart failure (cases=371, controls=20143)"
CV_424,LDLadj,371,20143,0.500371859,0.439894544,0.56030362,Heart failure,"Heart failure (cases=371, controls=20143)"
CV_424,Leucine,371,20143,0.586709302,0.510518577,0.662159167,Heart failure,"Heart failure (cases=371, controls=20143)"
CV_424,Isoleucine,371,20143,0.602051179,0.531754828,0.678600625,Heart failure,"Heart failure (cases=371, controls=20143)"
CV_424,Valine,371,20143,0.636745643,0.568608963,0.708186024,Heart failure,"Heart failure (cases=371, controls=20143)"
CV_431.11,Pseudo_M_Value,235,20321,0.69376726,0.629298861,0.759546064,Cerebral infarction [Ischemic stroke],"Cerebral infarction [Ischemic stroke] (cases=235, controls=20321)"
CV_431.11,HbA1c,235,20321,0.629222387,0.552790948,0.705283959,Cerebral infarction [Ischemic stroke],"Cerebral infarction [Ischemic stroke] (cases=235, controls=20321)"
CV_431.11,TG_HDL_ratio,235,20321,0.652376644,0.576437836,0.722690422,Cerebral infarction [Ischemic stroke],"Cerebral infarction [Ischemic stroke] (cases=235, controls=20321)"
CV_431.11,LDL_0,235,20321,0.59488079,0.518039989,0.677045965,Cerebral infarction [Ischemic stroke],"Cerebral infarction [Ischemic stroke] (cases=235, controls=20321)"
CV_431.11,LDLadj,235,20321,0.471629768,0.392831077,0.548582726,Cerebral infarction [Ischemic stroke],"Cerebral infarction [Ischemic stroke] (cases=235, controls=20321)"
CV_431.11,Leucine,235,20321,0.49750797,0.402647853,0.607623472,Cerebral infarction [Ischemic stroke],"Cerebral infarction [Ischemic stroke] (cases=235, controls=20321)"
CV_431.11,Isoleucine,235,20321,0.525128467,0.428216111,0.620395785,Cerebral infarction [Ischemic stroke],"Cerebral infarction [Ischemic stroke] (cases=235, controls=20321)"
CV_431.11,Valine,235,20321,0.507222923,0.407715829,0.604352649,Cerebral infarction [Ischemic stroke],"Cerebral infarction [Ischemic stroke] (cases=235, controls=20321)"
EM_202.1,Pseudo_M_Value,65,20456,0.755196116,0.601185377,0.899580669,Type 1 diabetes,"Type 1 diabetes (cases=65, controls=20456)"
EM_202.1,HbA1c,65,20456,0.938370153,0.868122773,0.985210223,Type 1 diabetes,"Type 1 diabetes (cases=65, controls=20456)"
EM_202.1,TG_HDL_ratio,65,20456,0.487880591,0.33991544,0.628935685,Type 1 diabetes,"Type 1 diabetes (cases=65, controls=20456)"
EM_202.1,LDL_0,65,20456,0.802644374,0.68191477,0.893436839,Type 1 diabetes,"Type 1 diabetes (cases=65, controls=20456)"
EM_202.1,LDLadj,65,20456,0.646998864,0.525108084,0.761895491,Type 1 diabetes,"Type 1 diabetes (cases=65, controls=20456)"
EM_202.1,Leucine,65,20456,0.689578785,0.57475666,0.799926668,Type 1 diabetes,"Type 1 diabetes (cases=65, controls=20456)"
EM_202.1,Isoleucine,65,20456,0.675565044,0.568305369,0.773672198,Type 1 diabetes,"Type 1 diabetes (cases=65, controls=20456)"
EM_202.1,Valine,65,20456,0.637585509,0.461953815,0.811915543,Type 1 diabetes,"Type 1 diabetes (cases=65, controls=20456)"
EM_202.2,Pseudo_M_Value,898,19345,0.864042477,0.841168725,0.886321181,Type 2 diabetes,"Type 2 diabetes (cases=898, controls=19345)"
EM_202.2,HbA1c,898,19345,0.880127414,0.852848503,0.907754413,Type 2 diabetes,"Type 2 diabetes (cases=898, controls=19345)"
EM_202.2,TG_HDL_ratio,898,19345,0.738804434,0.705977215,0.768449285,Type 2 diabetes,"Type 2 diabetes (cases=898, controls=19345)"
EM_202.2,LDL_0,898,19345,0.670866779,0.63312099,0.707228868,Type 2 diabetes,"Type 2 diabetes (cases=898, controls=19345)"
EM_202.2,LDLadj,898,19345,0.547212493,0.509929186,0.588019255,Type 2 diabetes,"Type 2 diabetes (cases=898, controls=19345)"
EM_202.2,Leucine,898,19345,0.611394441,0.555306607,0.66563707,Type 2 diabetes,"Type 2 diabetes (cases=898, controls=19345)"
EM_202.2,Isoleucine,898,19345,0.627992128,0.574602235,0.678885746,Type 2 diabetes,"Type 2 diabetes (cases=898, controls=19345)"
EM_202.2,Valine,898,19345,0.686177203,0.639133786,0.734769297,Type 2 diabetes,"Type 2 diabetes (cases=898, controls=19345)"
EM_208.2,Pseudo_M_Value,44,20561,0.713166513,0.595669301,0.817628985,Hyperparathyroidism,"Hyperparathyroidism (cases=44, controls=20561)"
EM_208.2,HbA1c,44,20561,0.650889287,0.434412477,0.832559762,Hyperparathyroidism,"Hyperparathyroidism (cases=44, controls=20561)"
EM_208.2,TG_HDL_ratio,44,20561,0.753623188,0.600412211,0.875033105,Hyperparathyroidism,"Hyperparathyroidism (cases=44, controls=20561)"
EM_208.2,LDL_0,44,20561,0.461634726,0.32119339,0.607364155,Hyperparathyroidism,"Hyperparathyroidism (cases=44, controls=20561)"
EM_208.2,LDLadj,44,20561,0.384273892,0.218647622,0.546173915,Hyperparathyroidism,"Hyperparathyroidism (cases=44, controls=20561)"
EM_208.2,Leucine,44,20561,0.371831745,0.019896609,0.740673287,Hyperparathyroidism,"Hyperparathyroidism (cases=44, controls=20561)"
EM_208.2,Isoleucine,44,20561,0.604979328,0.436239373,0.988280721,Hyperparathyroidism,"Hyperparathyroidism (cases=44, controls=20561)"
EM_208.2,Valine,44,20561,0.651083341,0.500028535,0.956433052,Hyperparathyroidism,"Hyperparathyroidism (cases=44, controls=20561)"
EM_236.1,Pseudo_M_Value,868,19603,0.747925149,0.718330383,0.776373487,Obesity,"Obesity (cases=868, controls=19603)"
EM_236.1,HbA1c,868,19603,0.581637782,0.539281779,0.621717747,Obesity,"Obesity (cases=868, controls=19603)"
EM_236.1,TG_HDL_ratio,868,19603,0.624044929,0.58504209,0.657555313,Obesity,"Obesity (cases=868, controls=19603)"
EM_236.1,LDL_0,868,19603,0.532133693,0.495485941,0.571549008,Obesity,"Obesity (cases=868, controls=19603)"
EM_236.1,LDLadj,868,19603,0.516967287,0.478586244,0.556382211,Obesity,"Obesity (cases=868, controls=19603)"
EM_236.1,Leucine,868,19603,0.562493111,0.516656706,0.605372219,Obesity,"Obesity (cases=868, controls=19603)"
EM_236.1,Isoleucine,868,19603,0.568807773,0.523261683,0.617115058,Obesity,"Obesity (cases=868, controls=19603)"
EM_236.1,Valine,868,19603,0.603723228,0.561015623,0.648168184,Obesity,"Obesity (cases=868, controls=19603)"
EM_247.88,Pseudo_M_Value,522,19940,0.624926592,0.574769998,0.675174027,Iron deficiency,"Iron deficiency (cases=522, controls=19940)"
EM_247.88,HbA1c,522,19940,0.634255393,0.585232956,0.684292115,Iron deficiency,"Iron deficiency (cases=522, controls=19940)"
EM_247.88,TG_HDL_ratio,522,19940,0.541648395,0.495689875,0.58980085,Iron deficiency,"Iron deficiency (cases=522, controls=19940)"
EM_247.88,LDL_0,522,19940,0.55453665,0.503860992,0.603739869,Iron deficiency,"Iron deficiency (cases=522, controls=19940)"
EM_247.88,LDLadj,522,19940,0.53534945,0.48667669,0.584669331,Iron deficiency,"Iron deficiency (cases=522, controls=19940)"
EM_247.88,Leucine,522,19940,0.478268363,0.409703331,0.546963207,Iron deficiency,"Iron deficiency (cases=522, controls=19940)"
EM_247.88,Isoleucine,522,19940,0.491204932,0.41945453,0.55634289,Iron deficiency,"Iron deficiency (cases=522, controls=19940)"
EM_247.88,Valine,522,19940,0.513990085,0.447062261,0.583194723,Iron deficiency,"Iron deficiency (cases=522, controls=19940)"
GI_542.2,Pseudo_M_Value,143,20444,0.782974821,0.705712853,0.851396578,Fatty liver disease (FLD),"Fatty liver disease (FLD) (cases=143, controls=20444)"
GI_542.2,HbA1c,143,20444,0.584284364,0.476887636,0.687119021,Fatty liver disease (FLD),"Fatty liver disease (FLD) (cases=143, controls=20444)"
GI_542.2,TG_HDL_ratio,143,20444,0.673570378,0.585246205,0.753124378,Fatty liver disease (FLD),"Fatty liver disease (FLD) (cases=143, controls=20444)"
GI_542.2,LDL_0,143,20444,0.490590904,0.397080481,0.586048681,Fatty liver disease (FLD),"Fatty liver disease (FLD) (cases=143, controls=20444)"
GI_542.2,LDLadj,143,20444,0.443428399,0.349681543,0.532933744,Fatty liver disease (FLD),"Fatty liver disease (FLD) (cases=143, controls=20444)"
GI_542.2,Leucine,143,20444,0.441775057,0.279977453,0.585050509,Fatty liver disease (FLD),"Fatty liver disease (FLD) (cases=143, controls=20444)"
GI_542.2,Isoleucine,143,20444,0.504348381,0.318951333,0.678583573,Fatty liver disease (FLD),"Fatty liver disease (FLD) (cases=143, controls=20444)"
GI_542.2,Valine,143,20444,0.468950913,0.304239443,0.635859907,Fatty liver disease (FLD),"Fatty liver disease (FLD) (cases=143, controls=20444)"
GI_550.1,Pseudo_M_Value,537,19679,0.6259545,0.581485553,0.669331939,Gallstones,"Gallstones (cases=537, controls=19679)"
GI_550.1,HbA1c,537,19679,0.517742381,0.466531057,0.570106505,Gallstones,"Gallstones (cases=537, controls=19679)"
GI_550.1,TG_HDL_ratio,537,19679,0.574068897,0.528072891,0.617216442,Gallstones,"Gallstones (cases=537, controls=19679)"
GI_550.1,LDL_0,537,19679,0.519983594,0.472655166,0.569737273,Gallstones,"Gallstones (cases=537, controls=19679)"
GI_550.1,LDLadj,537,19679,0.509588544,0.459360232,0.56094727,Gallstones,"Gallstones (cases=537, controls=19679)"
GI_550.1,Leucine,537,19679,0.523335307,0.457459235,0.581680948,Gallstones,"Gallstones (cases=537, controls=19679)"
GI_550.1,Isoleucine,537,19679,0.507668848,0.444700411,0.576077376,Gallstones,"Gallstones (cases=537, controls=19679)"
GI_550.1,Valine,537,19679,0.471660165,0.407192187,0.537743812,Gallstones,"Gallstones (cases=537, controls=19679)"
GI_552.1,Pseudo_M_Value,62,20541,0.736751109,0.624584287,0.832167708,Cholangitis,"Cholangitis (cases=62, controls=20541)"
GI_552.1,HbA1c,62,20541,0.58595179,0.441152395,0.730454094,Cholangitis,"Cholangitis (cases=62, controls=20541)"
GI_552.1,TG_HDL_ratio,62,20541,0.641171164,0.484849185,0.790438482,Cholangitis,"Cholangitis (cases=62, controls=20541)"
GI_552.1,LDL_0,62,20541,0.649427308,0.517815112,0.787054048,Cholangitis,"Cholangitis (cases=62, controls=20541)"
GI_552.1,LDLadj,62,20541,0.550154476,0.386108866,0.703943307,Cholangitis,"Cholangitis (cases=62, controls=20541)"
GI_552.1,Leucine,62,20541,0.456637041,0.278440967,0.637261169,Cholangitis,"Cholangitis (cases=62, controls=20541)"
GI_552.1,Isoleucine,62,20541,0.556676462,0.387822737,0.727277704,Cholangitis,"Cholangitis (cases=62, controls=20541)"
GI_552.1,Valine,62,20541,0.477629598,0.296198345,0.668344843,Cholangitis,"Cholangitis (cases=62, controls=20541)"
GI_554.11,Pseudo_M_Value,94,20469,0.623294954,0.509796052,0.721733766,Acute pancreatitis,"Acute pancreatitis (cases=94, controls=20469)"
GI_554.11,HbA1c,94,20469,0.47236206,0.369373676,0.58735129,Acute pancreatitis,"Acute pancreatitis (cases=94, controls=20469)"
GI_554.11,TG_HDL_ratio,94,20469,0.549577165,0.430604571,0.657858117,Acute pancreatitis,"Acute pancreatitis (cases=94, controls=20469)"
GI_554.11,LDL_0,94,20469,0.526228934,0.384266715,0.656569858,Acute pancreatitis,"Acute pancreatitis (cases=94, controls=20469)"
GI_554.11,LDLadj,94,20469,0.531037989,0.39925594,0.65757091,Acute pancreatitis,"Acute pancreatitis (cases=94, controls=20469)"
GI_554.11,Leucine,94,20469,0.384676093,0.255072037,0.5285341,Acute pancreatitis,"Acute pancreatitis (cases=94, controls=20469)"
GI_554.11,Isoleucine,94,20469,0.603130141,0.467352695,0.721391623,Acute pancreatitis,"Acute pancreatitis (cases=94, controls=20469)"
GI_554.11,Valine,94,20469,0.423663018,0.277468154,0.573027957,Acute pancreatitis,"Acute pancreatitis (cases=94, controls=20469)"
GU_581,Pseudo_M_Value,199,20328,0.608727579,0.537515037,0.679575582,Renal tubulo-interstitial diseases,"Renal tubulo-interstitial diseases (cases=199, controls=20328)"
GU_581,HbA1c,199,20328,0.539978332,0.431979894,0.63086898,Renal tubulo-interstitial diseases,"Renal tubulo-interstitial diseases (cases=199, controls=20328)"
GU_581,TG_HDL_ratio,199,20328,0.500437382,0.429211387,0.577794715,Renal tubulo-interstitial diseases,"Renal tubulo-interstitial diseases (cases=199, controls=20328)"
GU_581,LDL_0,199,20328,0.591854179,0.509538741,0.663097189,Renal tubulo-interstitial diseases,"Renal tubulo-interstitial diseases (cases=199, controls=20328)"
GU_581,LDLadj,199,20328,0.511970749,0.444339626,0.583018766,Renal tubulo-interstitial diseases,"Renal tubulo-interstitial diseases (cases=199, controls=20328)"
GU_581,Leucine,199,20328,0.580640622,0.473236594,0.680305754,Renal tubulo-interstitial diseases,"Renal tubulo-interstitial diseases (cases=199, controls=20328)"
GU_581,Isoleucine,199,20328,0.589646854,0.493095262,0.68427691,Renal tubulo-interstitial diseases,"Renal tubulo-interstitial diseases (cases=199, controls=20328)"
GU_581,Valine,199,20328,0.629782099,0.537817514,0.718186252,Renal tubulo-interstitial diseases,"Renal tubulo-interstitial diseases (cases=199, controls=20328)"
GU_582.2,Pseudo_M_Value,472,20097,0.742613931,0.696044396,0.782174362,Chronic kidney disease,"Chronic kidney disease (cases=472, controls=20097)"
GU_582.2,HbA1c,472,20097,0.674811763,0.623806585,0.730122264,Chronic kidney disease,"Chronic kidney disease (cases=472, controls=20097)"
GU_582.2,TG_HDL_ratio,472,20097,0.57103863,0.522563965,0.623724243,Chronic kidney disease,"Chronic kidney disease (cases=472, controls=20097)"
GU_582.2,LDL_0,472,20097,0.61143573,0.551200712,0.668928801,Chronic kidney disease,"Chronic kidney disease (cases=472, controls=20097)"
GU_582.2,LDLadj,472,20097,0.493557817,0.440416756,0.551461157,Chronic kidney disease,"Chronic kidney disease (cases=472, controls=20097)"
GU_582.2,Leucine,472,20097,0.441092196,0.373095098,0.512731776,Chronic kidney disease,"Chronic kidney disease (cases=472, controls=20097)"
GU_582.2,Isoleucine,472,20097,0.479454398,0.412850053,0.543414283,Chronic kidney disease,"Chronic kidney disease (cases=472, controls=20097)"
GU_582.2,Valine,472,20097,0.445473027,0.377644993,0.517519049,Chronic kidney disease,"Chronic kidney disease (cases=472, controls=20097)"
GU_582.21,Pseudo_M_Value,60,20524,0.782738844,0.627728251,0.908045163,End stage renal disease [CKD stage 5],"End stage renal disease [CKD stage 5] (cases=60, controls=20524)"
GU_582.21,HbA1c,60,20524,0.730579213,0.596549014,0.865362489,End stage renal disease [CKD stage 5],"End stage renal disease [CKD stage 5] (cases=60, controls=20524)"
GU_582.21,TG_HDL_ratio,60,20524,0.72815534,0.614547972,0.838656941,End stage renal disease [CKD stage 5],"End stage renal disease [CKD stage 5] (cases=60, controls=20524)"
GU_582.21,LDL_0,60,20524,0.715061194,0.538107403,0.872623506,End stage renal disease [CKD stage 5],"End stage renal disease [CKD stage 5] (cases=60, controls=20524)"
GU_582.21,LDLadj,60,20524,0.587013142,0.392916229,0.764015224,End stage renal disease [CKD stage 5],"End stage renal disease [CKD stage 5] (cases=60, controls=20524)"
GU_582.21,Leucine,60,20524,0.440931237,0.17301479,0.744519232,End stage renal disease [CKD stage 5],"End stage renal disease [CKD stage 5] (cases=60, controls=20524)"
GU_582.21,Isoleucine,60,20524,0.451303431,0.216014557,0.716437093,End stage renal disease [CKD stage 5],"End stage renal disease [CKD stage 5] (cases=60, controls=20524)"
GU_582.21,Valine,60,20524,0.438093325,0.204767916,0.674679778,End stage renal disease [CKD stage 5],"End stage renal disease [CKD stage 5] (cases=60, controls=20524)"
GU_585,Pseudo_M_Value,182,20241,0.595630898,0.514973515,0.675385842,Kidney stone disease,"Kidney stone disease (cases=182, controls=20241)"
GU_585,HbA1c,182,20241,0.522826372,0.434351687,0.611941342,Kidney stone disease,"Kidney stone disease (cases=182, controls=20241)"
GU_585,TG_HDL_ratio,182,20241,0.522929046,0.447855644,0.601535144,Kidney stone disease,"Kidney stone disease (cases=182, controls=20241)"
GU_585,LDL_0,182,20241,0.539394469,0.453106512,0.616166472,Kidney stone disease,"Kidney stone disease (cases=182, controls=20241)"
GU_585,LDLadj,182,20241,0.542789376,0.46322343,0.616670476,Kidney stone disease,"Kidney stone disease (cases=182, controls=20241)"
GU_585,Leucine,182,20241,0.604325718,0.500134485,0.705938897,Kidney stone disease,"Kidney stone disease (cases=182, controls=20241)"
GU_585,Isoleucine,182,20241,0.612416521,0.532211826,0.696690912,Kidney stone disease,"Kidney stone disease (cases=182, controls=20241)"
GU_585,Valine,182,20241,0.618210539,0.519198935,0.707609081,Kidney stone disease,"Kidney stone disease (cases=182, controls=20241)"
GU_594.3,Pseudo_M_Value,262,20075,0.599938012,0.533626004,0.666373084,Urinary incontinence and enuresis,"Urinary incontinence and enuresis (cases=262, controls=20075)"
GU_594.3,HbA1c,262,20075,0.550424707,0.476493632,0.619993449,Urinary incontinence and enuresis,"Urinary incontinence and enuresis (cases=262, controls=20075)"
GU_594.3,TG_HDL_ratio,262,20075,0.491805065,0.423337026,0.552318196,Urinary incontinence and enuresis,"Urinary incontinence and enuresis (cases=262, controls=20075)"
GU_594.3,LDL_0,262,20075,0.536345459,0.465450863,0.600966256,Urinary incontinence and enuresis,"Urinary incontinence and enuresis (cases=262, controls=20075)"
GU_594.3,LDLadj,262,20075,0.538945777,0.464874494,0.604854956,Urinary incontinence and enuresis,"Urinary incontinence and enuresis (cases=262, controls=20075)"
GU_594.3,Leucine,262,20075,0.434791515,0.351442231,0.521018179,Urinary incontinence and enuresis,"Urinary incontinence and enuresis (cases=262, controls=20075)"
GU_594.3,Isoleucine,262,20075,0.457309116,0.368270086,0.546123816,Urinary incontinence and enuresis,"Urinary incontinence and enuresis (cases=262, controls=20075)"
GU_594.3,Valine,262,20075,0.459530353,0.380939825,0.543365227,Urinary incontinence and enuresis,"Urinary incontinence and enuresis (cases=262, controls=20075)"
MS_703.1,Pseudo_M_Value,178,20420,0.797241422,0.743946566,0.848872567,Gout,"Gout (cases=178, controls=20420)"
MS_703.1,HbA1c,178,20420,0.566120131,0.475175244,0.656860957,Gout,"Gout (cases=178, controls=20420)"
MS_703.1,TG_HDL_ratio,178,20420,0.754273161,0.679066826,0.820989619,Gout,"Gout (cases=178, controls=20420)"
MS_703.1,LDL_0,178,20420,0.569870752,0.484927375,0.655757068,Gout,"Gout (cases=178, controls=20420)"
MS_703.1,LDLadj,178,20420,0.489387994,0.417667208,0.563522257,Gout,"Gout (cases=178, controls=20420)"
MS_703.1,Leucine,178,20420,0.641144942,0.53730769,0.739364706,Gout,"Gout (cases=178, controls=20420)"
MS_703.1,Isoleucine,178,20420,0.6063947,0.50949243,0.696768195,Gout,"Gout (cases=178, controls=20420)"
MS_703.1,Valine,178,20420,0.656781996,0.561178296,0.744731499,Gout,"Gout (cases=178, controls=20420)"
MS_708,Pseudo_M_Value,1944,17872,0.632255151,0.610125102,0.656598585,Osteoarthritis,"Osteoarthritis (cases=1944, controls=17872)"
MS_708,HbA1c,1944,17872,0.565852917,0.538778142,0.590511706,Osteoarthritis,"Osteoarthritis (cases=1944, controls=17872)"
MS_708,TG_HDL_ratio,1944,17872,0.54503662,0.521631625,0.56861868,Osteoarthritis,"Osteoarthritis (cases=1944, controls=17872)"
MS_708,LDL_0,1944,17872,0.520173703,0.494068626,0.547120732,Osteoarthritis,"Osteoarthritis (cases=1944, controls=17872)"
MS_708,LDLadj,1944,17872,0.51134963,0.484661208,0.536354936,Osteoarthritis,"Osteoarthritis (cases=1944, controls=17872)"
MS_708,Leucine,1944,17872,0.518392714,0.484545225,0.548584718,Osteoarthritis,"Osteoarthritis (cases=1944, controls=17872)"
MS_708,Isoleucine,1944,17872,0.52405529,0.494227351,0.558475465,Osteoarthritis,"Osteoarthritis (cases=1944, controls=17872)"
MS_708,Valine,1944,17872,0.525464684,0.493580431,0.556083923,Osteoarthritis,"Osteoarthritis (cases=1944, controls=17872)"
MS_715.1,Pseudo_M_Value,158,20403,0.675108187,0.601021647,0.744164389,Spondylosis,"Spondylosis (cases=158, controls=20403)"
MS_715.1,HbA1c,158,20403,0.583162819,0.502510772,0.671670927,Spondylosis,"Spondylosis (cases=158, controls=20403)"
MS_715.1,TG_HDL_ratio,158,20403,0.586912475,0.502785179,0.662037029,Spondylosis,"Spondylosis (cases=158, controls=20403)"
MS_715.1,LDL_0,158,20403,0.595180037,0.503127102,0.678938769,Spondylosis,"Spondylosis (cases=158, controls=20403)"
MS_715.1,LDLadj,158,20403,0.43804632,0.352158335,0.536780924,Spondylosis,"Spondylosis (cases=158, controls=20403)"
MS_715.1,Leucine,158,20403,0.461904099,0.358410559,0.56620639,Spondylosis,"Spondylosis (cases=158, controls=20403)"
MS_715.1,Isoleucine,158,20403,0.476111711,0.368977133,0.586329041,Spondylosis,"Spondylosis (cases=158, controls=20403)"
MS_715.1,Valine,158,20403,0.464224338,0.368617937,0.564291846,Spondylosis,"Spondylosis (cases=158, controls=20403)"
NS_328.1,Pseudo_M_Value,135,20471,0.655889527,0.55696817,0.743648259,Dementias,"Dementias (cases=135, controls=20471)"
NS_328.1,HbA1c,135,20471,0.593979056,0.484964259,0.698860702,Dementias,"Dementias (cases=135, controls=20471)"
NS_328.1,TG_HDL_ratio,135,20471,0.577423527,0.485092774,0.675468556,Dementias,"Dementias (cases=135, controls=20471)"
NS_328.1,LDL_0,135,20471,0.580934684,0.469783563,0.697446699,Dementias,"Dementias (cases=135, controls=20471)"
NS_328.1,LDLadj,135,20471,0.480786514,0.373111135,0.586744775,Dementias,"Dementias (cases=135, controls=20471)"
NS_328.1,Leucine,135,20471,0.57454568,0.397552628,0.735304784,Dementias,"Dementias (cases=135, controls=20471)"
NS_328.1,Isoleucine,135,20471,0.528368354,0.376854495,0.682603056,Dementias,"Dementias (cases=135, controls=20471)"
NS_328.1,Valine,135,20471,0.560263102,0.391137207,0.725656424,Dementias,"Dementias (cases=135, controls=20471)"
NS_333.1,Pseudo_M_Value,222,20296,0.781646954,0.719006574,0.844079019,Sleep apnea,"Sleep apnea (cases=222, controls=20296)"
NS_333.1,HbA1c,222,20296,0.701556796,0.619185406,0.781639348,Sleep apnea,"Sleep apnea (cases=222, controls=20296)"
NS_333.1,TG_HDL_ratio,222,20296,0.697563495,0.638860422,0.753041481,Sleep apnea,"Sleep apnea (cases=222, controls=20296)"
NS_333.1,LDL_0,222,20296,0.645992109,0.572370016,0.721154618,Sleep apnea,"Sleep apnea (cases=222, controls=20296)"
NS_333.1,LDLadj,222,20296,0.394077809,0.31893798,0.472755388,Sleep apnea,"Sleep apnea (cases=222, controls=20296)"
NS_333.1,Leucine,222,20296,0.578424237,0.489877454,0.657595671,Sleep apnea,"Sleep apnea (cases=222, controls=20296)"
NS_333.1,Isoleucine,222,20296,0.558725009,0.466487238,0.645251575,Sleep apnea,"Sleep apnea (cases=222, controls=20296)"
NS_333.1,Valine,222,20296,0.583241233,0.491210238,0.676382462,Sleep apnea,"Sleep apnea (cases=222, controls=20296)"
RE_474,Pseudo_M_Value,634,19812,0.675139695,0.634129754,0.710972943,Chronic obstructive pulmonary disease [COPD],"Chronic obstructive pulmonary disease [COPD] (cases=634, controls=19812)"
RE_474,HbA1c,634,19812,0.618815258,0.572539488,0.667351951,Chronic obstructive pulmonary disease [COPD],"Chronic obstructive pulmonary disease [COPD] (cases=634, controls=19812)"
RE_474,TG_HDL_ratio,634,19812,0.533837832,0.490537391,0.579889107,Chronic obstructive pulmonary disease [COPD],"Chronic obstructive pulmonary disease [COPD] (cases=634, controls=19812)"
RE_474,LDL_0,634,19812,0.534024105,0.490800281,0.578512411,Chronic obstructive pulmonary disease [COPD],"Chronic obstructive pulmonary disease [COPD] (cases=634, controls=19812)"
RE_474,LDLadj,634,19812,0.480219864,0.435740459,0.526658733,Chronic obstructive pulmonary disease [COPD],"Chronic obstructive pulmonary disease [COPD] (cases=634, controls=19812)"
RE_474,Leucine,634,19812,0.506425566,0.444235639,0.565757963,Chronic obstructive pulmonary disease [COPD],"Chronic obstructive pulmonary disease [COPD] (cases=634, controls=19812)"
RE_474,Isoleucine,634,19812,0.501016371,0.438671452,0.558213184,Chronic obstructive pulmonary disease [COPD],"Chronic obstructive pulmonary disease [COPD] (cases=634, controls=19812)"
RE_474,Valine,634,19812,0.52861031,0.470228866,0.59230666,Chronic obstructive pulmonary disease [COPD],"Chronic obstructive pulmonary disease [COPD] (cases=634, controls=19812)"
SO_375.1,Pseudo_M_Value,251,20295,0.557080099,0.492359488,0.627660974,Glaucoma,"Glaucoma (cases=251, controls=20295)"
SO_375.1,HbA1c,251,20295,0.619289203,0.548620173,0.690282825,Glaucoma,"Glaucoma (cases=251, controls=20295)"
SO_375.1,TG_HDL_ratio,251,20295,0.462011908,0.385945309,0.537352334,Glaucoma,"Glaucoma (cases=251, controls=20295)"
SO_375.1,LDL_0,251,20295,0.523759843,0.460914116,0.591750558,Glaucoma,"Glaucoma (cases=251, controls=20295)"
SO_375.1,LDLadj,251,20295,0.510246763,0.448286302,0.578241874,Glaucoma,"Glaucoma (cases=251, controls=20295)"
SO_375.1,Leucine,251,20295,0.501119262,0.422366367,0.580575545,Glaucoma,"Glaucoma (cases=251, controls=20295)"
SO_375.1,Isoleucine,251,20295,0.436744498,0.372650999,0.5121781,Glaucoma,"Glaucoma (cases=251, controls=20295)"
SO_375.1,Valine,251,20295,0.54268692,0.460207678,0.620156679,Glaucoma,"Glaucoma (cases=251, controls=20295)"