.id,model,rn,exp(coef),exp(-coef),lower .95,upper .95,p.value,n,nevent,HR,disease,neglog10P,FDR,posneg,p.sign,text,rn2
M_Value,model 2,M_Value_sc,0.564434822284902,1.77168374543561,0.447945114607535,0.711218089490533,1.2382543158931e-06,1690,89,"0.56 (0.45, 0.71)",Death,5.90719014962429,1.2382543158931e-06,neg,p<0.0001,"HR: 0.56 (0.45, 0.71), p<0.0001, n=1690, nevent=89",M_Value
Matsuda_Index,model 2,OGTT_comp_sc,0.856727207472127,1.16723268652879,0.645923614981591,1.13632864784469,0.283232759091284,1690,88,"0.86 (0.65, 1.14)",Death,0.547856516978799,0.283232759091284,neg,ns,"HR: 0.86 (0.65, 1.14), ns, n=1690, nevent=88",Matsuda_Index
CRS,model 2,CRS_sc,1.06336291917995,0.940412705730969,0.827155177608231,1.3670236595224,0.631687411623181,1693,90,"1.06 (0.83, 1.37)",Death,0.199497777715514,0.631687411623181,pos,ns,"HR: 1.06 (0.83, 1.37), ns, n=1693, nevent=90",CRS
HOMAIR,model 2,HOMAIR_sc,1.19477013654745,0.836981080636746,1.00315281579634,1.42298925618071,0.0460146979612633,1698,90,"1.19 (1.00, 1.42)",Death,1.33710342432062,0.0460146979612633,pos,p<0.05,"HR: 1.19 (1.00, 1.42), p<0.05, n=1698, nevent=90",HOMAIR
TG_HDL_ratio,model 2,TG_HDL_ratio_sc,1.12309532862005,0.890396366645654,0.984055783803737,1.28178009613706,0.0851412023005532,1700,91,"1.12 (0.98, 1.28)",Death,1.06986022133284,0.0851412023005532,pos,ns,"HR: 1.12 (0.98, 1.28), ns, n=1700, nevent=91",TG_HDL_ratio
HbA1c,model 2,HbA1c_sc,1.32756484023941,0.753258876470142,1.14859080017575,1.53442671208076,0.000125563435674803,1700,91,"1.33 (1.15, 1.53)",Death,3.90113680961587,0.000125563435674803,pos,p<0.001,"HR: 1.33 (1.15, 1.53), p<0.001, n=1700, nevent=91",HbA1c
M_Value,model 2,M_Value_sc,0.779583549968593,1.28273614808866,0.576383286823127,1.05442077394609,0.106086402233006,1684,77,"0.78 (0.58, 1.05)",Malignant neoplasm of the breast,0.974340278809536,0.212172804466012,neg,ns,"HR: 0.78 (0.58, 1.05), ns, n=1684, nevent=77",M_Value
Matsuda_Index,model 2,OGTT_comp_sc,0.900973356637298,1.10991073446644,0.683819722503837,1.18708624898681,0.458626929046195,1684,77,"0.90 (0.68, 1.19)",Malignant neoplasm of the breast,0.338540448531486,0.814878182157307,neg,ns,"HR: 0.90 (0.68, 1.19), ns, n=1684, nevent=77",Matsuda_Index
CRS,model 2,CRS_sc,1.01740747332787,0.982890362235167,0.73896505764478,1.40076713516404,0.915756886022372,1687,75,"1.02 (0.74, 1.40)",Malignant neoplasm of the breast,0.0382198069792517,0.915756886022372,pos,ns,"HR: 1.02 (0.74, 1.40), ns, n=1687, nevent=75",CRS
HOMAIR,model 2,HOMAIR_sc,1.26018373491849,0.793535079283243,1.0038775895811,1.58192897444379,0.0462261770063782,1692,77,"1.26 (1.00, 1.58)",Malignant neoplasm of the breast,1.33511202206457,0.0924523540127564,pos,ns,"HR: 1.26 (1.00, 1.58), ns, n=1692, nevent=77",HOMAIR
TG_HDL_ratio,model 2,TG_HDL_ratio_sc,1.27838673205413,0.782235903209964,1.12369799041751,1.45436999142877,0.000189764054916658,1694,77,"1.28 (1.12, 1.45)",Malignant neoplasm of the breast,3.72178604812446,0.000379528109833315,pos,p<0.001,"HR: 1.28 (1.12, 1.45), p<0.001, n=1694, nevent=77",TG_HDL_ratio
HbA1c,model 2,HbA1c_sc,1.18204165905008,0.845993871995699,0.996411205081823,1.40225488894932,0.0550201524322061,1694,77,"1.18 (1.00, 1.40)",Malignant neoplasm of the breast,1.2594782107407,0.103504074007331,pos,ns,"HR: 1.18 (1.00, 1.40), ns, n=1694, nevent=77",HbA1c
M_Value,model 2,M_Value_sc,1.09394458738285,0.91412308405163,0.692537040478554,1.72801552886946,0.70028671558071,1688,33,"1.09 (0.69, 1.73)",Colorectal cancer,0.154724112127969,0.994950827441147,pos,ns,"HR: 1.09 (0.69, 1.73), ns, n=1688, nevent=33",M_Value
Matsuda_Index,model 2,OGTT_comp_sc,1.04527082874794,0.956689857305048,0.713171767923119,1.53201676590933,0.820433385952888,1688,34,"1.05 (0.71, 1.53)",Colorectal cancer,0.0859566751684969,0.919884004473245,pos,ns,"HR: 1.05 (0.71, 1.53), ns, n=1688, nevent=34",Matsuda_Index
CRS,model 2,CRS_sc,0.719958749393391,1.3889684663775,0.424891426197535,1.21993659760768,0.222041818057269,1691,33,"0.72 (0.42, 1.22)",Colorectal cancer,0.653565225363744,0.392834263011571,neg,ns,"HR: 0.72 (0.42, 1.22), ns, n=1691, nevent=33",CRS
HOMAIR,model 2,HOMAIR_sc,0.966714388094314,1.03443169183744,0.645241316089665,1.44835224410629,0.869638930828505,1696,34,"0.97 (0.65, 1.45)",Colorectal cancer,0.060661026574079,0.869638930828505,neg,ns,"HR: 0.97 (0.65, 1.45), ns, n=1696, nevent=34",HOMAIR
TG_HDL_ratio,model 2,TG_HDL_ratio_sc,1.08592737601416,0.920871894463557,0.860836641243346,1.36987461903779,0.486703653592683,1698,34,"1.09 (0.86, 1.37)",Colorectal cancer,0.312735393577357,0.486703653592683,pos,ns,"HR: 1.09 (0.86, 1.37), ns, n=1698, nevent=34",TG_HDL_ratio
HbA1c,model 2,HbA1c_sc,1.1804865386839,0.847108346627041,0.930567837438092,1.49752485734992,0.171600522282394,1698,34,"1.18 (0.93, 1.50)",Colorectal cancer,0.765481394669035,0.171600522282394,pos,ns,"HR: 1.18 (0.93, 1.50), ns, n=1698, nevent=34",HbA1c
M_Value,model 2,M_Value_sc,1.09842654296339,0.910393149552039,0.773977836035792,1.55888297327252,0.599183555751022,1685,55,"1.10 (0.77, 1.56)",Spondylosis,0.22244011410797,0.867249001056515,pos,ns,"HR: 1.10 (0.77, 1.56), ns, n=1685, nevent=55",M_Value
Matsuda_Index,model 2,OGTT_comp_sc,1.12820488506619,0.886363827383475,0.847702605193268,1.50152453807431,0.408186480241639,1685,56,"1.13 (0.85, 1.50)",Spondylosis,0.389141383876904,0.413838458528294,pos,ns,"HR: 1.13 (0.85, 1.50), ns, n=1685, nevent=56",Matsuda_Index
CRS,model 2,CRS_sc,1.21388235721624,0.823803059707754,0.867639785080958,1.69829738388883,0.257935926791141,1688,55,"1.21 (0.87, 1.70)",Spondylosis,0.588488162629528,0.257935926791141,pos,ns,"HR: 1.21 (0.87, 1.70), ns, n=1688, nevent=55",CRS
HOMAIR,model 2,HOMAIR_sc,1.01742599376056,0.982872470462295,0.777791927088044,1.33089019920169,0.899672810465967,1693,56,"1.02 (0.78, 1.33)",Spondylosis,0.045915404388018,0.93215492178646,pos,ns,"HR: 1.02 (0.78, 1.33), ns, n=1693, nevent=56",HOMAIR
TG_HDL_ratio,model 2,TG_HDL_ratio_sc,0.54345244716006,1.84008739904611,0.301315937938484,0.980169068868019,0.0427106785377105,1695,56,"0.54 (0.30, 0.98)",Spondylosis,1.36946352895148,0.0854213570754211,neg,ns,"HR: 0.54 (0.30, 0.98), ns, n=1695, nevent=56",TG_HDL_ratio
HbA1c,model 2,HbA1c_sc,1.03698589916995,0.964333267019776,0.830007278694767,1.29557870476551,0.749179113478475,1695,56,"1.04 (0.83, 1.30)",Spondylosis,0.12541433891491,0.749179113478475,pos,ns,"HR: 1.04 (0.83, 1.30), ns, n=1695, nevent=56",HbA1c
M_Value,model 2,M_Value_sc,0.844528648486471,1.18409245416619,0.640906399325569,1.11284368335988,0.229979178054952,1672,81,"0.84 (0.64, 1.11)",Gallstones [Cholelithiasis],0.638311482526699,0.229979178054952,neg,ns,"HR: 0.84 (0.64, 1.11), ns, n=1672, nevent=81",M_Value
Matsuda_Index,model 2,OGTT_comp_sc,0.994908643422192,1.00511741114269,0.760068261995084,1.30230830341208,0.970359482761373,1672,81,"0.99 (0.76, 1.30)",Gallstones [Cholelithiasis],0.0130673456745838,0.970359482761373,neg,ns,"HR: 0.99 (0.76, 1.30), ns, n=1672, nevent=81",Matsuda_Index
CRS,model 2,CRS_sc,0.807863137675793,1.2378334316342,0.582323476920302,1.12075654697449,0.201455676299475,1675,82,"0.81 (0.58, 1.12)",Gallstones [Cholelithiasis],0.695820491240065,0.40291135259895,neg,ns,"HR: 0.81 (0.58, 1.12), ns, n=1675, nevent=82",CRS
HOMAIR,model 2,HOMAIR_sc,1.21396996838208,0.823743606551285,0.991561492713179,1.48626494167404,0.0603962242571712,1680,82,"1.21 (0.99, 1.49)",Gallstones [Cholelithiasis],1.21899021097375,0.0603962242571712,pos,ns,"HR: 1.21 (0.99, 1.49), ns, n=1680, nevent=82",HOMAIR
TG_HDL_ratio,model 2,TG_HDL_ratio_sc,1.09811105993732,0.910654701954352,0.919709861264759,1.31111772390743,0.300820848781772,1682,82,"1.10 (0.92, 1.31)",Gallstones [Cholelithiasis],0.521692067691089,0.300820848781772,pos,ns,"HR: 1.10 (0.92, 1.31), ns, n=1682, nevent=82",TG_HDL_ratio
HbA1c,model 2,HbA1c_sc,1.07735678713091,0.92819761470393,0.889396176369647,1.30504006832455,0.446230875338146,1682,82,"1.08 (0.89, 1.31)",Gallstones [Cholelithiasis],0.350440383570156,0.446230875338146,pos,ns,"HR: 1.08 (0.89, 1.31), ns, n=1682, nevent=82",HbA1c
M_Value,model 2,M_Value_sc,1.43415080457185,0.697276741617515,0.583024321232681,3.52779198971572,0.432367612598949,1690,10,"1.43 (0.58, 3.53)",Hyperparathyroidism,0.364146845237589,0.613557376468668,pos,ns,"HR: 1.43 (0.58, 3.53), ns, n=1690, nevent=10",M_Value
Matsuda_Index,model 2,OGTT_comp_sc,1.12465491406287,0.889161633044798,0.562642822478134,2.24804907339758,0.739550771805533,1690,10,"1.12 (0.56, 2.25)",Hyperparathyroidism,0.131032005361377,0.76662635651243,pos,ns,"HR: 1.12 (0.56, 2.25), ns, n=1690, nevent=10",Matsuda_Index
CRS,model 2,CRS_sc,1.56331066071219,0.639668125556334,0.743627763416248,3.28651018981439,0.238557854831248,1693,10,"1.56 (0.74, 3.29)",Hyperparathyroidism,0.622406279152401,0.238557854831248,pos,ns,"HR: 1.56 (0.74, 3.29), ns, n=1693, nevent=10",CRS
HOMAIR,model 2,HOMAIR_sc,0.893377420622147,1.11934774364859,0.391695162866403,2.03761315262834,0.788694075699478,1698,10,"0.89 (0.39, 2.04)",Hyperparathyroidism,0.103091421378475,0.790083030772742,neg,ns,"HR: 0.89 (0.39, 2.04), ns, n=1698, nevent=10",HOMAIR
TG_HDL_ratio,model 2,TG_HDL_ratio_sc,1.14377645400483,0.874296718120564,0.622210385948962,2.1025437798513,0.66540039136094,1700,10,"1.14 (0.62, 2.10)",Hyperparathyroidism,0.176916948033101,0.66540039136094,pos,ns,"HR: 1.14 (0.62, 2.10), ns, n=1700, nevent=10",TG_HDL_ratio
HbA1c,model 2,HbA1c_sc,0.455877919984644,2.19356971715955,0.203153938796043,1.02299113254295,0.0568003926592738,1700,10,"0.46 (0.20, 1.02)",Hyperparathyroidism,1.24564866201492,0.0885064182292627,neg,ns,"HR: 0.46 (0.20, 1.02), ns, n=1700, nevent=10",HbA1c
M_Value,model 2,M_Value_sc,1.05897309292609,0.944311056324252,0.902552077485887,1.24250338514011,0.482267110981961,1660,266,"1.06 (0.90, 1.24)",Osteoarthritis,0.316712354512044,0.482267110981961,pos,ns,"HR: 1.06 (0.90, 1.24), ns, n=1660, nevent=266",M_Value
Matsuda_Index,model 2,OGTT_comp_sc,1.12004906371416,0.892818031277959,0.982638203271572,1.27667528185881,0.0895650791054527,1660,268,"1.12 (0.98, 1.28)",Osteoarthritis,1.04786128618585,0.179130158210905,pos,ns,"HR: 1.12 (0.98, 1.28), ns, n=1660, nevent=268",Matsuda_Index
CRS,model 2,CRS_sc,1.21526762160382,0.822864019597821,1.04237646146679,1.41683494084316,0.012773191876991,1665,267,"1.22 (1.04, 1.42)",Osteoarthritis,1.89370056386815,0.012773191876991,pos,p<0.05,"HR: 1.22 (1.04, 1.42), p<0.05, n=1665, nevent=267",CRS
HOMAIR,model 2,HOMAIR_sc,0.991037551297359,1.00904350061298,0.86618317257145,1.13388883458187,0.895744003604695,1668,269,"0.99 (0.87, 1.13)",Osteoarthritis,0.0478160904575357,0.895744003604695,neg,ns,"HR: 0.99 (0.87, 1.13), ns, n=1668, nevent=269",HOMAIR
TG_HDL_ratio,model 2,TG_HDL_ratio_sc,0.902035590777625,1.10860370724166,0.770129395405694,1.05653441081925,0.201185025725083,1670,269,"0.90 (0.77, 1.06)",Osteoarthritis,0.696404347110049,0.402370051450166,neg,ns,"HR: 0.90 (0.77, 1.06), ns, n=1670, nevent=269",TG_HDL_ratio
HbA1c,model 2,HbA1c_sc,0.974053787367487,1.02663735100567,0.858021714242327,1.10577712071397,0.68457379889653,1670,269,"0.97 (0.86, 1.11)",Osteoarthritis,0.164579726893163,0.68457379889653,neg,ns,"HR: 0.97 (0.86, 1.11), ns, n=1670, nevent=269",HbA1c
M_Value,model 2,M_Value_sc,0.695997353032399,1.43678707346097,0.478018059433595,1.0133765992065,0.0586720657293586,1689,44,"0.70 (0.48, 1.01)",Malignant neoplasm of the esophagus,1.23156862085017,0.117344131458717,neg,ns,"HR: 0.70 (0.48, 1.01), ns, n=1689, nevent=44",M_Value
Matsuda_Index,model 2,OGTT_comp_sc,1.03397286205509,0.967143371647527,0.744331704472611,1.43632183479795,0.842089519837353,1689,44,"1.03 (0.74, 1.44)",Malignant neoplasm of the esophagus,0.0746417375920207,0.842089519837353,pos,ns,"HR: 1.03 (0.74, 1.44), ns, n=1689, nevent=44",Matsuda_Index
CRS,model 2,CRS_sc,1.18546102105202,0.843553674259629,0.795397151022834,1.76681275590003,0.403366293675749,1692,42,"1.19 (0.80, 1.77)",Malignant neoplasm of the esophagus,0.394300395370215,0.806732587351498,pos,ns,"HR: 1.19 (0.80, 1.77), ns, n=1692, nevent=42",CRS
HOMAIR,model 2,HOMAIR_sc,1.05553016292848,0.947391211659536,0.754471904234545,1.4767202311956,0.752418362203922,1697,44,"1.06 (0.75, 1.48)",Malignant neoplasm of the esophagus,0.123540614362314,0.924575890126296,pos,ns,"HR: 1.06 (0.75, 1.48), ns, n=1697, nevent=44",HOMAIR
TG_HDL_ratio,model 2,TG_HDL_ratio_sc,1.29325070145395,0.773245279415461,1.10308599617347,1.5161985399261,0.00152959341007224,1699,44,"1.29 (1.10, 1.52)",Malignant neoplasm of the esophagus,2.81542399612932,0.00305918682014447,pos,p<0.01,"HR: 1.29 (1.10, 1.52), p<0.01, n=1699, nevent=44",TG_HDL_ratio
HbA1c,model 2,HbA1c_sc,1.16622609865727,0.857466662040359,0.919717694944125,1.47880520366849,0.204364666538104,1699,44,"1.17 (0.92, 1.48)",Malignant neoplasm of the esophagus,0.689594189036313,0.204364666538104,pos,ns,"HR: 1.17 (0.92, 1.48), ns, n=1699, nevent=44",HbA1c
M_Value,model 2,M_Value_sc,1.83312495064671,0.545516550656959,0.80125470862696,4.19385627129957,0.151225931779799,1690,13,"1.83 (0.80, 4.19)",Glaucoma,0.820373730903413,0.151225931779799,pos,ns,"HR: 1.83 (0.80, 4.19), ns, n=1690, nevent=13",M_Value
Matsuda_Index,model 2,OGTT_comp_sc,1.67916129811568,0.595535402776482,1.08248791383288,2.60472438450229,0.0206780438742262,1690,13,"1.68 (1.08, 2.60)",Glaucoma,1.6844905475322,0.0206780438742262,pos,p<0.05,"HR: 1.68 (1.08, 2.60), p<0.05, n=1690, nevent=13",Matsuda_Index
CRS,model 2,CRS_sc,1.09267617918517,0.915184222965053,0.54230161508375,2.20161843400431,0.804165528134353,1693,13,"1.09 (0.54, 2.20)",Glaucoma,0.0946545475746943,0.804165528134353,pos,ns,"HR: 1.09 (0.54, 2.20), ns, n=1693, nevent=13",CRS
HOMAIR,model 2,HOMAIR_sc,0.217948855417413,4.58823240014183,0.0447981513544945,1.06034963813288,0.0591106510588255,1698,13,"0.22 (0.04, 1.06)",Glaucoma,1.22833425720164,0.0591106510588255,neg,ns,"HR: 0.22 (0.04, 1.06), ns, n=1698, nevent=13",HOMAIR
TG_HDL_ratio,model 2,TG_HDL_ratio_sc,0.443813576284327,2.25319830991235,0.0990023935463409,1.98955281219627,0.288568265474794,1700,13,"0.44 (0.10, 1.99)",Glaucoma,0.539751430993673,0.288568265474794,neg,ns,"HR: 0.44 (0.10, 1.99), ns, n=1700, nevent=13",TG_HDL_ratio
HbA1c,model 2,HbA1c_sc,1.21840612598542,0.82074439603726,0.709935042600683,2.0910553765604,0.473478784007946,1700,13,"1.22 (0.71, 2.09)",Glaucoma,0.324699476417219,0.641889453396429,pos,ns,"HR: 1.22 (0.71, 2.09), ns, n=1700, nevent=13",HbA1c
M_Value,model 2,M_Value_sc,1.03867952810457,0.962760864099102,0.81412042081861,1.32517884887192,0.760103786276395,1684,103,"1.04 (0.81, 1.33)",Coronary atherosclerosis [Atherosclerotic heart disease],0.119127104127424,0.760103786276395,pos,ns,"HR: 1.04 (0.81, 1.33), ns, n=1684, nevent=103",M_Value
Matsuda_Index,model 2,OGTT_comp_sc,1.05410610938111,0.948671097814927,0.832188049277691,1.3352026513707,0.66219049979686,1684,103,"1.05 (0.83, 1.34)",Coronary atherosclerosis [Atherosclerotic heart disease],0.179017054202188,0.677111767479931,pos,ns,"HR: 1.05 (0.83, 1.34), ns, n=1684, nevent=103",Matsuda_Index
CRS,model 2,CRS_sc,1.38010186424129,0.724584196217827,1.07955506848927,1.76432051618052,0.0101455750254726,1688,102,"1.38 (1.08, 1.76)",Coronary atherosclerosis [Atherosclerotic heart disease],1.9937233332228,0.0101455750254726,pos,p<0.05,"HR: 1.38 (1.08, 1.76), p<0.05, n=1688, nevent=102",CRS
HOMAIR,model 2,HOMAIR_sc,0.988423219135741,1.01171237243332,0.816891122832726,1.19597389764598,0.904691709890724,1692,103,"0.99 (0.82, 1.20)",Coronary atherosclerosis [Atherosclerotic heart disease],0.0434993893066125,0.904691709890724,neg,ns,"HR: 0.99 (0.82, 1.20), ns, n=1692, nevent=103",HOMAIR
TG_HDL_ratio,model 2,TG_HDL_ratio_sc,1.11511252032753,0.89677048887074,0.995111570297503,1.24958443867702,0.0607094031852423,1694,103,"1.12 (1.00, 1.25)",Coronary atherosclerosis [Atherosclerotic heart disease],1.21674403651644,0.0607094031852423,pos,ns,"HR: 1.12 (1.00, 1.25), ns, n=1694, nevent=103",TG_HDL_ratio
HbA1c,model 2,HbA1c_sc,0.930761669987302,1.07438889271584,0.762145168292977,1.13668277692804,0.48166467662158,1694,103,"0.93 (0.76, 1.14)",Coronary atherosclerosis [Atherosclerotic heart disease],0.317255201953848,0.927767394283227,neg,ns,"HR: 0.93 (0.76, 1.14), ns, n=1694, nevent=103",HbA1c
M_Value,model 2,M_Value_sc,0.645529890640234,1.54911494339666,0.462287115917704,0.901406994401667,0.010191056181058,1688,51,"0.65 (0.46, 0.90)",Cerebral infarction [Ischemic stroke],1.99178080423346,0.020382112362116,neg,p<0.05,"HR: 0.65 (0.46, 0.90), p<0.05, n=1688, nevent=51",M_Value
Matsuda_Index,model 2,OGTT_comp_sc,0.706825876760442,1.41477559449754,0.462182677954782,1.08096396487418,0.109425368002848,1688,52,"0.71 (0.46, 1.08)",Cerebral infarction [Ischemic stroke],0.960881984158874,0.146618356381383,neg,ns,"HR: 0.71 (0.46, 1.08), ns, n=1688, nevent=52",Matsuda_Index
CRS,model 2,CRS_sc,0.996439075613308,1.00357364988371,0.685924159230809,1.44752275896292,0.985061696968981,1691,52,"1.00 (0.69, 1.45)",Cerebral infarction [Ischemic stroke],0.00653656766071137,0.985061696968981,neg,ns,"HR: 1.00 (0.69, 1.45), ns, n=1691, nevent=52",CRS
HOMAIR,model 2,HOMAIR_sc,1.00717885496566,0.992872313660807,0.754752748375833,1.34402855514322,0.961243470202402,1696,52,"1.01 (0.75, 1.34)",Cerebral infarction [Ischemic stroke],0.0171665973748525,0.961243470202402,pos,ns,"HR: 1.01 (0.75, 1.34), ns, n=1696, nevent=52",HOMAIR
TG_HDL_ratio,model 2,TG_HDL_ratio_sc,1.0817708694265,0.924410176186526,0.893182484595527,1.31017819328342,0.421292326712388,1698,52,"1.08 (0.89, 1.31)",Cerebral infarction [Ischemic stroke],0.375416450905946,0.60109269691822,pos,ns,"HR: 1.08 (0.89, 1.31), ns, n=1698, nevent=52",TG_HDL_ratio
HbA1c,model 2,HbA1c_sc,0.982003018721194,1.01832680850843,0.774352399342706,1.24533730326927,0.88089876569384,1698,52,"0.98 (0.77, 1.25)",Cerebral infarction [Ischemic stroke],0.0550739985422549,0.988584054250977,neg,ns,"HR: 0.98 (0.77, 1.25), ns, n=1698, nevent=52",HbA1c
M_Value,model 2,M_Value_sc,1.46785752944398,0.681265027389134,0.558986167951063,3.85448844761757,0.435876998693698,1689,9,"1.47 (0.56, 3.85)",Cardiomyopathy,0.36063604817426,0.871753997387396,pos,ns,"HR: 1.47 (0.56, 3.85), ns, n=1689, nevent=9",M_Value
Matsuda_Index,model 2,OGTT_comp_sc,0.656010995701281,1.52436469289816,0.227500445697335,1.89164652034802,0.435258945028318,1689,9,"0.66 (0.23, 1.89)",Cardiomyopathy,0.361252294911331,0.435258945028318,neg,ns,"HR: 0.66 (0.23, 1.89), ns, n=1689, nevent=9",Matsuda_Index
CRS,model 2,CRS_sc,0.769305118298729,1.29987436221852,0.287278290586508,2.06012909584062,0.601779081354378,1692,8,"0.77 (0.29, 2.06)",Cardiomyopathy,0.220562912990523,0.653951394189169,neg,ns,"HR: 0.77 (0.29, 2.06), ns, n=1692, nevent=8",CRS
HOMAIR,model 2,HOMAIR_sc,1.12964577777383,0.885233247160612,0.565317201991451,2.25731603203812,0.729992625762624,1697,9,"1.13 (0.57, 2.26)",Cardiomyopathy,0.136681527012115,0.729992625762624,pos,ns,"HR: 1.13 (0.57, 2.26), ns, n=1697, nevent=9",HOMAIR
TG_HDL_ratio,model 2,TG_HDL_ratio_sc,0.78257697477146,1.27782957106812,0.201484951867493,3.0395655644061,0.723241696646801,1699,9,"0.78 (0.20, 3.04)",Cardiomyopathy,0.140716543675383,0.830778310157957,neg,ns,"HR: 0.78 (0.20, 3.04), ns, n=1699, nevent=9",TG_HDL_ratio
HbA1c,model 2,HbA1c_sc,1.14653649776379,0.872192033965252,0.696926269947762,1.88620518036004,0.590315390782458,1699,9,"1.15 (0.70, 1.89)",Cardiomyopathy,0.228915893646909,0.590315390782458,pos,ns,"HR: 1.15 (0.70, 1.89), ns, n=1699, nevent=9",HbA1c
M_Value,model 2,M_Value_sc,0.595183948550957,1.68015283751286,0.358467116613935,0.988218768736393,0.0448802249177295,1686,19,"0.60 (0.36, 0.99)",Type 1 diabetes,1.34794497527498,0.0448802249177295,neg,p<0.05,"HR: 0.60 (0.36, 0.99), p<0.05, n=1686, nevent=19",M_Value
Matsuda_Index,model 2,OGTT_comp_sc,0.516495234832001,1.93612628454407,0.205372112784388,1.29894621030769,0.160287035832368,1686,19,"0.52 (0.21, 1.30)",Type 1 diabetes,0.795101602375422,0.160287035832368,neg,ns,"HR: 0.52 (0.21, 1.30), ns, n=1686, nevent=19",Matsuda_Index
CRS,model 2,CRS_sc,1.48347504858001,0.674092901634715,0.795356878650021,2.76693177469562,0.214958261873782,1689,19,"1.48 (0.80, 2.77)",Type 1 diabetes,0.66764585821276,0.214958261873782,pos,ns,"HR: 1.48 (0.80, 2.77), ns, n=1689, nevent=19",CRS
HOMAIR,model 2,HOMAIR_sc,1.34697649839197,0.742403450389675,1.02806710986029,1.7648125008754,0.0307135374998336,1694,19,"1.35 (1.03, 1.76)",Type 1 diabetes,1.51267015984545,0.0334572187094756,pos,p<0.05,"HR: 1.35 (1.03, 1.76), p<0.05, n=1694, nevent=19",HOMAIR
TG_HDL_ratio,model 2,TG_HDL_ratio_sc,1.05404679788596,0.94872447979126,0.792309208799338,1.40224881876265,0.717779056031763,1696,19,"1.05 (0.79, 1.40)",Type 1 diabetes,0.144009218031946,0.717779056031763,pos,ns,"HR: 1.05 (0.79, 1.40), ns, n=1696, nevent=19",TG_HDL_ratio
HbA1c,model 2,HbA1c_sc,1.32048509993612,0.757297450799235,0.978870688193715,1.78131894251618,0.0687374170801965,1696,19,"1.32 (0.98, 1.78)",Type 1 diabetes,1.16280679121092,0.137474834160393,pos,ns,"HR: 1.32 (0.98, 1.78), ns, n=1696, nevent=19",HbA1c
M_Value,model 2,M_Value_sc,0.620280460555593,1.61217394967478,0.455473403070907,0.844720783152209,0.00243825076457781,1689,62,"0.62 (0.46, 0.84)",Malignant neoplasm of the of bronchus and lung,2.61292163092767,0.00243825076457781,neg,p<0.01,"HR: 0.62 (0.46, 0.84), p<0.01, n=1689, nevent=62",M_Value
Matsuda_Index,model 2,OGTT_comp_sc,0.908090857695339,1.1012113947914,0.664352481673645,1.2412522397033,0.545433785202376,1689,61,"0.91 (0.66, 1.24)",Malignant neoplasm of the of bronchus and lung,0.263257964537909,0.757420751382426,neg,ns,"HR: 0.91 (0.66, 1.24), ns, n=1689, nevent=61",Matsuda_Index
CRS,model 2,CRS_sc,1.13130983883683,0.883931143945644,0.822620943626489,1.5558343868645,0.447912437213538,1692,60,"1.13 (0.82, 1.56)",Malignant neoplasm of the of bronchus and lung,0.348806878304992,0.447912437213538,pos,ns,"HR: 1.13 (0.82, 1.56), ns, n=1692, nevent=60",CRS
HOMAIR,model 2,HOMAIR_sc,1.13640711550001,0.879966331045023,0.870771513075743,1.48307691830373,0.346541109295473,1697,61,"1.14 (0.87, 1.48)",Malignant neoplasm of the of bronchus and lung,0.460245238739977,0.693082218590945,pos,ns,"HR: 1.14 (0.87, 1.48), ns, n=1697, nevent=61",HOMAIR
TG_HDL_ratio,model 2,TG_HDL_ratio_sc,1.26563779213607,0.790115470803267,1.11017525281476,1.44287040881315,0.000426661033774216,1699,62,"1.27 (1.11, 1.44)",Malignant neoplasm of the of bronchus and lung,3.36991701870521,0.000853322067548432,pos,p<0.001,"HR: 1.27 (1.11, 1.44), p<0.001, n=1699, nevent=62",TG_HDL_ratio
HbA1c,model 2,HbA1c_sc,1.11224290745213,0.899084177835536,0.906891876060648,1.36409236628207,0.307019436325393,1699,62,"1.11 (0.91, 1.36)",Malignant neoplasm of the of bronchus and lung,0.512834129989676,0.307019436325393,pos,ns,"HR: 1.11 (0.91, 1.36), ns, n=1699, nevent=62",HbA1c
M_Value,model 2,M_Value_sc,0.975218152149631,1.02541159410922,0.790661390271682,1.20285428880667,0.814643360754893,1678,140,"0.98 (0.79, 1.20)",Angina pectoris,0.0890324775849,0.814643360754893,neg,ns,"HR: 0.98 (0.79, 1.20), ns, n=1678, nevent=140",M_Value
Matsuda_Index,model 2,OGTT_comp_sc,0.973735739301694,1.02697267814894,0.790821361498323,1.19895761059993,0.802036871477684,1678,140,"0.97 (0.79, 1.20)",Angina pectoris,0.0958056657417556,0.802036871477684,neg,ns,"HR: 0.97 (0.79, 1.20), ns, n=1678, nevent=140",Matsuda_Index
CRS,model 2,CRS_sc,1.28061963835482,0.780871985755799,1.03317297215515,1.58733019769099,0.0239539240946823,1681,139,"1.28 (1.03, 1.59)",Angina pectoris,1.62062333097307,0.0239539240946823,pos,p<0.05,"HR: 1.28 (1.03, 1.59), p<0.05, n=1681, nevent=139",CRS
HOMAIR,model 2,HOMAIR_sc,0.968216449453239,1.03282690617858,0.811043141716563,1.15584861615098,0.72079983603269,1686,140,"0.97 (0.81, 1.16)",Angina pectoris,0.142185320822148,0.942930495082127,neg,ns,"HR: 0.97 (0.81, 1.16), ns, n=1686, nevent=140",HOMAIR
TG_HDL_ratio,model 2,TG_HDL_ratio_sc,1.10475222377903,0.905180345851037,0.997903681036023,1.22304136074296,0.0549174097743584,1688,140,"1.10 (1.00, 1.22)",Angina pectoris,1.26028995481532,0.0549174097743584,pos,ns,"HR: 1.10 (1.00, 1.22), ns, n=1688, nevent=140",TG_HDL_ratio
HbA1c,model 2,HbA1c_sc,0.91092432429889,1.09778603263193,0.760478761688085,1.09113254229147,0.311066940304212,1688,140,"0.91 (0.76, 1.09)",Angina pectoris,0.507146142560151,0.622133880608424,neg,ns,"HR: 0.91 (0.76, 1.09), ns, n=1688, nevent=140",HbA1c
M_Value,model 2,M_Value_sc,0.63452856747459,1.57597317324889,0.503994347968031,0.798871067829703,0.000108435099852505,1687,86,"0.63 (0.50, 0.80)",Chronic obstructive pulmonary disease [COPD],3.96483011627692,0.000108435099852505,neg,p<0.001,"HR: 0.63 (0.50, 0.80), p<0.001, n=1687, nevent=86",M_Value
Matsuda_Index,model 2,OGTT_comp_sc,1.22249246966117,0.818000948731542,0.986345250256305,1.51517720391507,0.0665919355686877,1687,85,"1.22 (0.99, 1.52)",Chronic obstructive pulmonary disease [COPD],1.17657836167175,0.0665919355686877,pos,ns,"HR: 1.22 (0.99, 1.52), ns, n=1687, nevent=85",Matsuda_Index
CRS,model 2,CRS_sc,1.29670708586897,0.771184187159632,1.01290415540543,1.66002800716104,0.0392361384374005,1690,86,"1.30 (1.01, 1.66)",Chronic obstructive pulmonary disease [COPD],1.40631374180821,0.0392361384374005,pos,p<0.05,"HR: 1.30 (1.01, 1.66), p<0.05, n=1690, nevent=86",CRS
HOMAIR,model 2,HOMAIR_sc,1.16162272092807,0.860864704162342,0.906778786037664,1.48808878918821,0.235788858204631,1695,86,"1.16 (0.91, 1.49)",Chronic obstructive pulmonary disease [COPD],0.62747672059195,0.471577716409261,pos,ns,"HR: 1.16 (0.91, 1.49), ns, n=1695, nevent=86",HOMAIR
TG_HDL_ratio,model 2,TG_HDL_ratio_sc,1.06834123284953,0.936030520260605,0.919412772519581,1.24139344581722,0.38810866807295,1697,87,"1.07 (0.92, 1.24)",Chronic obstructive pulmonary disease [COPD],0.41104665755833,0.38810866807295,pos,ns,"HR: 1.07 (0.92, 1.24), ns, n=1697, nevent=87",TG_HDL_ratio
HbA1c,model 2,HbA1c_sc,1.1409117874364,0.876491952324354,0.941423548933363,1.38267170837837,0.178823170499026,1697,87,"1.14 (0.94, 1.38)",Chronic obstructive pulmonary disease [COPD],0.747576209433215,0.178823170499026,pos,ns,"HR: 1.14 (0.94, 1.38), ns, n=1697, nevent=87",HbA1c
M_Value,model 2,M_Value_sc,0.666706745731971,1.49990982752411,0.436892607222869,1.01740765912701,0.0601167906224711,1686,19,"0.67 (0.44, 1.02)",Fatty liver disease (FLD),1.22100421258539,0.0601167906224711,neg,ns,"HR: 0.67 (0.44, 1.02), ns, n=1686, nevent=19",M_Value
Matsuda_Index,model 2,OGTT_comp_sc,0.48331499016841,2.0690440403091,0.240354407071881,0.971870591295756,0.0413484118387073,1686,19,"0.48 (0.24, 0.97)",Fatty liver disease (FLD),1.38354116671438,0.0826968236774146,neg,ns,"HR: 0.48 (0.24, 0.97), ns, n=1686, nevent=19",Matsuda_Index
CRS,model 2,CRS_sc,1.07150812760183,0.933264036212327,0.532272540544848,2.15703343693351,0.846585812572012,1689,19,"1.07 (0.53, 2.16)",Fatty liver disease (FLD),0.0723290138838795,0.846585812572012,pos,ns,"HR: 1.07 (0.53, 2.16), ns, n=1689, nevent=19",CRS
HOMAIR,model 2,HOMAIR_sc,1.29461636218616,0.772429600929299,0.787322230812231,2.12877454699975,0.308862530535205,1694,19,"1.29 (0.79, 2.13)",Fatty liver disease (FLD),0.510234774666571,0.617725061070409,pos,ns,"HR: 1.29 (0.79, 2.13), ns, n=1694, nevent=19",HOMAIR
TG_HDL_ratio,model 2,TG_HDL_ratio_sc,1.01890951979703,0.981441414149517,0.802052695559414,1.2943995017795,0.878065825202427,1696,19,"1.02 (0.80, 1.29)",Fatty liver disease (FLD),0.0564729254941145,0.878065825202427,pos,ns,"HR: 1.02 (0.80, 1.29), ns, n=1696, nevent=19",TG_HDL_ratio
HbA1c,model 2,HbA1c_sc,0.56705189328782,1.76350702966867,0.321942086585259,0.99877544154559,0.0495061571854871,1696,19,"0.57 (0.32, 1.00)",Fatty liver disease (FLD),1.30534078358387,0.0990123143709741,neg,ns,"HR: 0.57 (0.32, 1.00), ns, n=1696, nevent=19",HbA1c
M_Value,model 2,M_Value_sc,0.70896225819289,1.41051232056972,0.497362224473883,1.01058636705602,0.0572052959480175,1689,51,"0.71 (0.50, 1.01)",Malignant neoplasm of the bladder,1.2425637632606,0.114410591896035,neg,ns,"HR: 0.71 (0.50, 1.01), ns, n=1689, nevent=51",M_Value
Matsuda_Index,model 2,OGTT_comp_sc,0.8689548565432,1.15080776920692,0.620293302106712,1.21729920369205,0.414106601637282,1689,51,"0.87 (0.62, 1.22)",Malignant neoplasm of the bladder,0.382887845972411,0.828213203274565,neg,ns,"HR: 0.87 (0.62, 1.22), ns, n=1689, nevent=51",Matsuda_Index
CRS,model 2,CRS_sc,1.09622985278592,0.912217449158714,0.746860285493447,1.60902904262082,0.638893168735991,1692,49,"1.10 (0.75, 1.61)",Malignant neoplasm of the bladder,0.194571755467992,0.638893168735991,pos,ns,"HR: 1.10 (0.75, 1.61), ns, n=1692, nevent=49",CRS
HOMAIR,model 2,HOMAIR_sc,1.19770982649992,0.834926772641008,0.903680817194744,1.58740652805661,0.209377976939675,1697,51,"1.20 (0.90, 1.59)",Malignant neoplasm of the bladder,0.679069000768775,0.418755953879349,pos,ns,"HR: 1.20 (0.90, 1.59), ns, n=1697, nevent=51",HOMAIR
TG_HDL_ratio,model 2,TG_HDL_ratio_sc,1.30765221862297,0.76472932616063,1.11992454052509,1.52684780357421,0.000692822686364026,1699,51,"1.31 (1.12, 1.53)",Malignant neoplasm of the bladder,3.15937789985705,0.00138564537272805,pos,p<0.01,"HR: 1.31 (1.12, 1.53), p<0.01, n=1699, nevent=51",TG_HDL_ratio
HbA1c,model 2,HbA1c_sc,1.20941258882402,0.826847685596156,0.973447611167748,1.50257578654017,0.0859882204784053,1699,51,"1.21 (0.97, 1.50)",Malignant neoplasm of the bladder,1.06556103865896,0.15107103174784,pos,ns,"HR: 1.21 (0.97, 1.50), ns, n=1699, nevent=51",HbA1c
M_Value,model 2,M_Value_sc,2.05479767747801,0.486665918966467,0.51266046990661,8.2358475896107,0.309290021569173,1690,4,"2.05 (0.51, 8.24)",Primary pulmonary hypertension,0.509634091142477,0.618580043138346,pos,ns,"HR: 2.05 (0.51, 8.24), ns, n=1690, nevent=4",M_Value
Matsuda_Index,model 2,OGTT_comp_sc,1.26881501392069,0.788136953794356,0.422785399017879,3.80782199028234,0.67112129121516,1690,4,"1.27 (0.42, 3.81)",Primary pulmonary hypertension,0.173198983042475,0.683142099815891,pos,ns,"HR: 1.27 (0.42, 3.81), ns, n=1690, nevent=4",Matsuda_Index
CRS,model 2,CRS_sc,0.98991008406973,1.01019276002199,0.188260174785217,5.2051474809312,0.99044539691056,1693,4,"0.99 (0.19, 5.21)",Primary pulmonary hypertension,0.00416946204779262,0.99044539691056,neg,ns,"HR: 0.99 (0.19, 5.21), ns, n=1693, nevent=4",CRS
HOMAIR,model 2,HOMAIR_sc,0.94149927242072,1.0621357119362,0.298837619136609,2.96622922686159,0.917997602624073,1698,4,"0.94 (0.30, 2.97)",Primary pulmonary hypertension,0.037158452969232,0.917997602624073,neg,ns,"HR: 0.94 (0.30, 2.97), ns, n=1698, nevent=4",HOMAIR
TG_HDL_ratio,model 2,TG_HDL_ratio_sc,0.558163715425835,1.79158904880995,0.0707959745216573,4.40062779448945,0.579932274821106,1700,4,"0.56 (0.07, 4.40)",Primary pulmonary hypertension,0.236622720900573,0.695251791240654,neg,ns,"HR: 0.56 (0.07, 4.40), ns, n=1700, nevent=4",TG_HDL_ratio
HbA1c,model 2,HbA1c_sc,1.2490246905843,0.800624685435319,0.308622201532852,5.05492692988627,0.755232240484635,1700,4,"1.25 (0.31, 5.05)",Primary pulmonary hypertension,0.121919478501168,0.755232240484635,pos,ns,"HR: 1.25 (0.31, 5.05), ns, n=1700, nevent=4",HbA1c
M_Value,model 2,M_Value_sc,0.86365148994452,1.15787445705008,0.634400815464873,1.17574548755398,0.351685010438564,1687,61,"0.86 (0.63, 1.18)",Myocardial infarction [Heart attack],0.453846141841,0.351685010438564,neg,ns,"HR: 0.86 (0.63, 1.18), ns, n=1687, nevent=61",M_Value
Matsuda_Index,model 2,OGTT_comp_sc,0.858707067219687,1.16454148122688,0.594672492634662,1.23997298752819,0.416458040914603,1687,60,"0.86 (0.59, 1.24)",Myocardial infarction [Heart attack],0.380428748200067,0.416458040914603,neg,ns,"HR: 0.86 (0.59, 1.24), ns, n=1687, nevent=60",Matsuda_Index
CRS,model 2,CRS_sc,1.41055516848383,0.708940722307852,1.03493068940721,1.92251124031899,0.0294590481570317,1690,61,"1.41 (1.03, 1.92)",Myocardial infarction [Heart attack],1.5307812896328,0.0294590481570317,pos,p<0.05,"HR: 1.41 (1.03, 1.92), p<0.05, n=1690, nevent=61",CRS
HOMAIR,model 2,HOMAIR_sc,0.932438413522038,1.0724568888392,0.720566670064368,1.20660784231642,0.594799414277286,1695,61,"0.93 (0.72, 1.21)",Myocardial infarction [Heart attack],0.225629467816976,0.992295317788565,neg,ns,"HR: 0.93 (0.72, 1.21), ns, n=1695, nevent=61",HOMAIR
TG_HDL_ratio,model 2,TG_HDL_ratio_sc,1.05386153719581,0.948891258201594,0.904342074600994,1.22810181099971,0.50158372852973,1697,61,"1.05 (0.90, 1.23)",Myocardial infarction [Heart attack],0.29965656054331,0.50158372852973,pos,ns,"HR: 1.05 (0.90, 1.23), ns, n=1697, nevent=61",TG_HDL_ratio
HbA1c,model 2,HbA1c_sc,0.816831077920284,1.2242433313704,0.612593735401386,1.08916068072299,0.168146095560747,1697,61,"0.82 (0.61, 1.09)",Myocardial infarction [Heart attack],0.77431321277462,0.336292191121493,neg,ns,"HR: 0.82 (0.61, 1.09), ns, n=1697, nevent=61",HbA1c
M_Value,model 2,M_Value_sc,0.790668018113954,1.26475331882701,0.609461688021305,1.02575096540998,0.0769732429545254,1672,88,"0.79 (0.61, 1.03)",Cholangitis,1.11366021582344,0.0769732429545254,neg,ns,"HR: 0.79 (0.61, 1.03), ns, n=1672, nevent=88",M_Value
Matsuda_Index,model 2,OGTT_comp_sc,1.04640832366472,0.95564989056835,0.817873200265255,1.33880212663734,0.718231308013934,1672,89,"1.05 (0.82, 1.34)",Cholangitis,0.143735667712676,0.846920206963525,pos,ns,"HR: 1.05 (0.82, 1.34), ns, n=1672, nevent=89",Matsuda_Index
CRS,model 2,CRS_sc,0.890937127918776,1.12241365710731,0.661356855742292,1.20021280343915,0.44750658699195,1675,90,"0.89 (0.66, 1.20)",Cholangitis,0.349200567782254,0.662825439688977,neg,ns,"HR: 0.89 (0.66, 1.20), ns, n=1675, nevent=90",CRS
HOMAIR,model 2,HOMAIR_sc,1.2021737785196,0.831826494528469,0.991200595312759,1.45805178143993,0.0614568485117992,1680,90,"1.20 (0.99, 1.46)",Cholangitis,1.21142971399548,0.0614568485117992,pos,ns,"HR: 1.20 (0.99, 1.46), ns, n=1680, nevent=90",HOMAIR
TG_HDL_ratio,model 2,TG_HDL_ratio_sc,1.10085548396526,0.90838444697393,0.938632307767737,1.29111558013435,0.237467380777837,1682,90,"1.10 (0.94, 1.29)",Cholangitis,0.624396037917475,0.237467380777837,pos,ns,"HR: 1.10 (0.94, 1.29), ns, n=1682, nevent=90",TG_HDL_ratio
HbA1c,model 2,HbA1c_sc,1.15216130102659,0.867934028949754,0.985420123941625,1.34711645452648,0.0757623380387978,1682,90,"1.15 (0.99, 1.35)",Cholangitis,1.12054663139548,0.0757623380387978,pos,ns,"HR: 1.15 (0.99, 1.35), ns, n=1682, nevent=90",HbA1c
M_Value,model 2,M_Value_sc,1.0081736997782,0.991892567937454,0.698107394137377,1.45595680186198,0.965372808839213,1685,46,"1.01 (0.70, 1.46)",Heart failure,0.0153049378949871,0.965372808839213,pos,ns,"HR: 1.01 (0.70, 1.46), ns, n=1685, nevent=46",M_Value
Matsuda_Index,model 2,OGTT_comp_sc,1.25920191185824,0.794153813286604,0.917799706665102,1.72759856351317,0.153184682177176,1685,46,"1.26 (0.92, 1.73)",Heart failure,0.814784660150701,0.306369364354353,pos,ns,"HR: 1.26 (0.92, 1.73), ns, n=1685, nevent=46",Matsuda_Index
CRS,model 2,CRS_sc,0.802283093567287,1.24644281802522,0.546684923742815,1.17738414627783,0.260334706424073,1688,44,"0.80 (0.55, 1.18)",Heart failure,0.584467930224595,0.260334706424073,neg,ns,"HR: 0.80 (0.55, 1.18), ns, n=1688, nevent=44",CRS
HOMAIR,model 2,HOMAIR_sc,1.01452234146564,0.985685538038861,0.742065592774023,1.38701429005124,0.928001687152493,1693,46,"1.01 (0.74, 1.39)",Heart failure,0.0324512342117933,0.928001687152493,pos,ns,"HR: 1.01 (0.74, 1.39), ns, n=1693, nevent=46",HOMAIR
TG_HDL_ratio,model 2,TG_HDL_ratio_sc,1.01230814320647,0.987841505287629,0.795191101063615,1.28870629391028,0.920884726437592,1695,46,"1.01 (0.80, 1.29)",Heart failure,0.0357947300694694,0.920884726437592,pos,ns,"HR: 1.01 (0.80, 1.29), ns, n=1695, nevent=46",TG_HDL_ratio
HbA1c,model 2,HbA1c_sc,1.03133827921962,0.969613966773993,0.794050844466833,1.33953468294323,0.817075055795848,1695,46,"1.03 (0.79, 1.34)",Heart failure,0.0877380477261019,0.817075055795848,pos,ns,"HR: 1.03 (0.79, 1.34), ns, n=1695, nevent=46",HbA1c
M_Value,model 2,M_Value_sc,0.967458081436184,1.03363651530566,0.514391510830981,1.81957734454861,0.918241851033426,1688,15,"0.97 (0.51, 1.82)",Acute pancreatitis,0.0370429171257886,0.918241851033426,neg,ns,"HR: 0.97 (0.51, 1.82), ns, n=1688, nevent=15",M_Value
Matsuda_Index,model 2,OGTT_comp_sc,0.734631299788844,1.36122705401666,0.330676149615524,1.63205948556294,0.44892455303086,1688,14,"0.73 (0.33, 1.63)",Acute pancreatitis,0.347826641080395,0.44892455303086,neg,ns,"HR: 0.73 (0.33, 1.63), ns, n=1688, nevent=14",Matsuda_Index
CRS,model 2,CRS_sc,1.45514712589876,0.687215733860835,0.743106569570699,2.84946095851998,0.273952848001235,1691,15,"1.46 (0.74, 2.85)",Acute pancreatitis,0.5623241803003,0.273952848001235,pos,ns,"HR: 1.46 (0.74, 2.85), ns, n=1691, nevent=15",CRS
HOMAIR,model 2,HOMAIR_sc,1.25426873747759,0.797277305987118,0.892745272110587,1.76219366818306,0.191566147479606,1696,15,"1.25 (0.89, 1.76)",Acute pancreatitis,0.71768123461945,0.191566147479606,pos,ns,"HR: 1.25 (0.89, 1.76), ns, n=1696, nevent=15",HOMAIR
TG_HDL_ratio,model 2,TG_HDL_ratio_sc,1.00935703313412,0.990729709283277,0.727151458535663,1.40108585134242,0.955609335707899,1698,15,"1.01 (0.73, 1.40)",Acute pancreatitis,0.0197196161148969,0.955609335707899,pos,ns,"HR: 1.01 (0.73, 1.40), ns, n=1698, nevent=15",TG_HDL_ratio
HbA1c,model 2,HbA1c_sc,0.729584532960273,1.37064309181901,0.39774755907328,1.33826991163707,0.308396050851133,1698,15,"0.73 (0.40, 1.34)",Acute pancreatitis,0.510891191919857,0.353157783539622,neg,ns,"HR: 0.73 (0.40, 1.34), ns, n=1698, nevent=15",HbA1c
M_Value,model 2,M_Value_sc,0.677182606087073,1.47670656483374,0.525371976437534,0.872860187740531,0.00261314139702496,1688,73,"0.68 (0.53, 0.87)",Sleep apnea,2.58283708997177,0.00261314139702496,neg,p<0.01,"HR: 0.68 (0.53, 0.87), p<0.01, n=1688, nevent=73",M_Value
Matsuda_Index,model 2,OGTT_comp_sc,0.630087891891433,1.58708017225683,0.42489354524569,0.934376989131767,0.021584917925061,1688,73,"0.63 (0.42, 0.93)",Sleep apnea,1.66584959837491,0.021584917925061,neg,p<0.05,"HR: 0.63 (0.42, 0.93), p<0.05, n=1688, nevent=73",Matsuda_Index
CRS,model 2,CRS_sc,1.16886854260771,0.855528199748646,0.837682161037661,1.63099291526689,0.358632777355635,1691,71,"1.17 (0.84, 1.63)",Sleep apnea,0.44535002047892,0.358632777355635,pos,ns,"HR: 1.17 (0.84, 1.63), ns, n=1691, nevent=71",CRS
HOMAIR,model 2,HOMAIR_sc,1.15764923148604,0.863819517001991,0.997115277689061,1.34402889329526,0.054601414421713,1696,73,"1.16 (1.00, 1.34)",Sleep apnea,1.26279610697313,0.054601414421713,pos,ns,"HR: 1.16 (1.00, 1.34), ns, n=1696, nevent=73",HOMAIR
TG_HDL_ratio,model 2,TG_HDL_ratio_sc,1.10154909898244,0.907812462398413,0.995648462341182,1.21871369601254,0.0607375352239809,1698,73,"1.10 (1.00, 1.22)",Sleep apnea,1.21654283606516,0.0607375352239809,pos,ns,"HR: 1.10 (1.00, 1.22), ns, n=1698, nevent=73",TG_HDL_ratio
HbA1c,model 2,HbA1c_sc,1.09325422610802,0.914700328724087,0.917106258208865,1.30323481298373,0.319914211854777,1698,73,"1.09 (0.92, 1.30)",Sleep apnea,0.494966466408516,0.319914211854777,pos,ns,"HR: 1.09 (0.92, 1.30), ns, n=1698, nevent=73",HbA1c
M_Value,model 2,M_Value_sc,0.849946045638472,1.17654527029279,0.738461040228698,0.978261873196113,0.0234314442860397,1667,306,"0.85 (0.74, 0.98)",Hypertension,1.63020094118854,0.0234314442860397,neg,p<0.05,"HR: 0.85 (0.74, 0.98), p<0.05, n=1667, nevent=306",M_Value
Matsuda_Index,model 2,OGTT_comp_sc,0.929042738446894,1.07637674631818,0.797189370174152,1.08270436379796,0.345960096505216,1666,306,"0.93 (0.80, 1.08)",Hypertension,0.460973990418148,0.345960096505216,neg,ns,"HR: 0.93 (0.80, 1.08), ns, n=1666, nevent=306",Matsuda_Index
CRS,model 2,CRS_sc,1.20376280881348,0.830728439754404,1.04712768006743,1.38382828327984,0.00912240519755288,1670,304,"1.20 (1.05, 1.38)",Hypertension,2.03989064124296,0.00912240519755288,pos,p<0.01,"HR: 1.20 (1.05, 1.38), p<0.01, n=1670, nevent=304",CRS
HOMAIR,model 2,HOMAIR_sc,1.03288459333863,0.96816237404381,0.932978991533904,1.14348832378562,0.533032858806695,1674,306,"1.03 (0.93, 1.14)",Hypertension,0.273246018068041,0.533032858806695,pos,ns,"HR: 1.03 (0.93, 1.14), ns, n=1674, nevent=306",HOMAIR
TG_HDL_ratio,model 2,TG_HDL_ratio_sc,1.05582156339202,0.947129737327312,0.977699366775303,1.14018604451012,0.166069951284587,1676,307,"1.06 (0.98, 1.14)",Hypertension,0.779708941731956,0.166069951284587,pos,ns,"HR: 1.06 (0.98, 1.14), ns, n=1676, nevent=307",TG_HDL_ratio
HbA1c,model 2,HbA1c_sc,0.915585561511138,1.0921972145886,0.818442275281131,1.02425906599181,0.123290611353253,1676,307,"0.92 (0.82, 1.02)",Hypertension,0.90906999390484,0.246581222706505,neg,ns,"HR: 0.92 (0.82, 1.02), ns, n=1676, nevent=307",HbA1c
M_Value,model 2,M_Value_sc,0.682959833980274,1.46421495122491,0.395804485828269,1.17844580223565,0.170678049131298,1685,18,"0.68 (0.40, 1.18)",Gout,0.767822329817613,0.170678049131298,neg,ns,"HR: 0.68 (0.40, 1.18), ns, n=1685, nevent=18",M_Value
Matsuda_Index,model 2,OGTT_comp_sc,0.888227437227668,1.1258377731735,0.471636007077709,1.67278996600028,0.713629542215176,1685,18,"0.89 (0.47, 1.67)",Gout,0.146527179714518,0.713629542215176,neg,ns,"HR: 0.89 (0.47, 1.67), ns, n=1685, nevent=18",Matsuda_Index
CRS,model 2,CRS_sc,1.31762044908335,0.758943898218707,0.644647206816052,2.69313762548886,0.449512578444594,1688,18,"1.32 (0.64, 2.69)",Gout,0.34725815115512,0.449512578444594,pos,ns,"HR: 1.32 (0.64, 2.69), ns, n=1688, nevent=18",CRS
HOMAIR,model 2,HOMAIR_sc,1.10793169782194,0.902582715131156,0.791974568220498,1.54993947570404,0.549590981155564,1693,18,"1.11 (0.79, 1.55)",Gout,0.259960402707075,0.549590981155564,pos,ns,"HR: 1.11 (0.79, 1.55), ns, n=1693, nevent=18",HOMAIR
TG_HDL_ratio,model 2,TG_HDL_ratio_sc,1.0963718747973,0.912099282175475,0.845542246285907,1.42160997055623,0.487586881427028,1695,18,"1.10 (0.85, 1.42)",Gout,0.311947987632194,0.544316731518075,pos,ns,"HR: 1.10 (0.85, 1.42), ns, n=1695, nevent=18",TG_HDL_ratio
HbA1c,model 2,HbA1c_sc,0.852289919204296,1.17330966548755,0.498116770480501,1.45828879777839,0.559726115398867,1695,18,"0.85 (0.50, 1.46)",Gout,0.252024429543105,0.559726115398867,neg,ns,"HR: 0.85 (0.50, 1.46), ns, n=1695, nevent=18",HbA1c
M_Value,model 2,M_Value_sc,0.731396479916176,1.36724748814023,0.366204996392335,1.46076873910443,0.375481672237168,1690,10,"0.73 (0.37, 1.46)","End stage renal disease [CDK, stage 5]",0.425411256637233,0.537889756483462,neg,ns,"HR: 0.73 (0.37, 1.46), ns, n=1690, nevent=10",M_Value
Matsuda_Index,model 2,OGTT_comp_sc,1.15553794318456,0.865397805323545,0.540715311046521,2.46944725044843,0.709072637089845,1690,10,"1.16 (0.54, 2.47)","End stage renal disease [CDK, stage 5]",0.14930927360188,0.742219262693529,pos,ns,"HR: 1.16 (0.54, 2.47), ns, n=1690, nevent=10",Matsuda_Index
CRS,model 2,CRS_sc,1.42221313852785,0.703129490868796,0.613683582791295,3.29598227510206,0.411453252541846,1693,10,"1.42 (0.61, 3.30)","End stage renal disease [CDK, stage 5]",0.38567950022424,0.718962557027472,pos,ns,"HR: 1.42 (0.61, 3.30), ns, n=1693, nevent=10",CRS
HOMAIR,model 2,HOMAIR_sc,1.27075149669544,0.78693592146102,0.889369424725865,1.81567897597947,0.188166535571489,1698,10,"1.27 (0.89, 1.82)","End stage renal disease [CDK, stage 5]",0.725457611030502,0.376333071142979,pos,ns,"HR: 1.27 (0.89, 1.82), ns, n=1698, nevent=10",HOMAIR
TG_HDL_ratio,model 2,TG_HDL_ratio_sc,0.781792623152444,1.27911158328365,0.272718064836363,2.24114125326576,0.646861798952509,1700,10,"0.78 (0.27, 2.24)","End stage renal disease [CDK, stage 5]",0.18918849578176,0.646861798952509,neg,ns,"HR: 0.78 (0.27, 2.24), ns, n=1700, nevent=10",TG_HDL_ratio
HbA1c,model 2,HbA1c_sc,0.512478348962167,1.95130194675565,0.256062964274024,1.02566202379011,0.0589739174952998,1700,10,"0.51 (0.26, 1.03)","End stage renal disease [CDK, stage 5]",1.22934002212753,0.0654005389213942,neg,ns,"HR: 0.51 (0.26, 1.03), ns, n=1700, nevent=10",HbA1c
M_Value,model 2,M_Value_sc,0.499701816264427,2.00119344667507,0.406421090710221,0.614392094518553,4.68285918878442e-11,1686,108,"0.50 (0.41, 0.61)",Chronic kidney disease,10.3294889010378,4.68285918878442e-11,neg,p<0.0001,"HR: 0.50 (0.41, 0.61), p<0.0001, n=1686, nevent=108",M_Value
Matsuda_Index,model 2,OGTT_comp_sc,0.374875507295351,2.66755224211577,0.247291549013621,0.568283253230809,3.79315766596192e-06,1686,109,"0.37 (0.25, 0.57)",Chronic kidney disease,5.42099910508678,3.79315766596192e-06,neg,p<0.0001,"HR: 0.37 (0.25, 0.57), p<0.0001, n=1686, nevent=109",Matsuda_Index
CRS,model 2,CRS_sc,1.32066319337054,0.757195328089549,1.06632992708463,1.63565818235284,0.0108216499106698,1689,106,"1.32 (1.07, 1.64)",Chronic kidney disease,1.96570651996208,0.0108216499106698,pos,p<0.05,"HR: 1.32 (1.07, 1.64), p<0.05, n=1689, nevent=106",CRS
HOMAIR,model 2,HOMAIR_sc,1.26088246637678,0.793095333360895,1.14620612115672,1.38703202213926,1.89057700993013e-06,1694,109,"1.26 (1.15, 1.39)",Chronic kidney disease,5.72340562758125,1.89057700993013e-06,pos,p<0.0001,"HR: 1.26 (1.15, 1.39), p<0.0001, n=1694, nevent=109",HOMAIR
TG_HDL_ratio,model 2,TG_HDL_ratio_sc,1.11897764624408,0.893672901649615,1.02353393215579,1.22332140973257,0.0134607931556305,1696,109,"1.12 (1.02, 1.22)",Chronic kidney disease,1.87092934925283,0.0134607931556305,pos,p<0.05,"HR: 1.12 (1.02, 1.22), p<0.05, n=1696, nevent=109",TG_HDL_ratio
HbA1c,model 2,HbA1c_sc,1.38058826043931,0.724328917357153,1.24334316973701,1.53298300200258,1.57021670614278e-09,1696,109,"1.38 (1.24, 1.53)",Chronic kidney disease,8.80404040632495,1.57021670614278e-09,pos,p<0.0001,"HR: 1.38 (1.24, 1.53), p<0.0001, n=1696, nevent=109",HbA1c
M_Value,model 2,M_Value_sc,0.488602322836102,2.04665420785452,0.391927412740096,0.609123582889437,1.92807949314677e-10,1685,93,"0.49 (0.39, 0.61)",Type 2 diabetes,9.71487506445638,1.92807949314677e-10,neg,p<0.0001,"HR: 0.49 (0.39, 0.61), p<0.0001, n=1685, nevent=93",M_Value
Matsuda_Index,model 2,OGTT_comp_sc,0.209215922526259,4.77975092873006,0.122484320577484,0.357362493681985,1.02220039974453e-08,1685,94,"0.21 (0.12, 0.36)",Type 2 diabetes,7.99046395354434,1.02220039974453e-08,neg,p<0.0001,"HR: 0.21 (0.12, 0.36), p<0.0001, n=1685, nevent=94",Matsuda_Index
CRS,model 2,CRS_sc,1.26947155295203,0.787729349015026,0.992700920406907,1.62340740360538,0.0572262049241869,1688,91,"1.27 (0.99, 1.62)",Type 2 diabetes,1.24240505428616,0.0572262049241869,pos,ns,"HR: 1.27 (0.99, 1.62), ns, n=1688, nevent=91",CRS
HOMAIR,model 2,HOMAIR_sc,1.28593759427588,0.777642713341082,1.16195268898014,1.42315217483033,1.16390361940839e-06,1693,94,"1.29 (1.16, 1.42)",Type 2 diabetes,5.9340829812773,1.16390361940839e-06,pos,p<0.0001,"HR: 1.29 (1.16, 1.42), p<0.0001, n=1693, nevent=94",HOMAIR
TG_HDL_ratio,model 2,TG_HDL_ratio_sc,1.12607581420686,0.888039674934624,1.02649349391209,1.23531882750562,0.0119545925991714,1695,94,"1.13 (1.03, 1.24)",Type 2 diabetes,1.92246521962739,0.0119545925991714,pos,p<0.05,"HR: 1.13 (1.03, 1.24), p<0.05, n=1695, nevent=94",TG_HDL_ratio
HbA1c,model 2,HbA1c_sc,1.35234811895746,0.739454572370694,1.21598880897352,1.5039985741247,2.60388614429359e-08,1695,94,"1.35 (1.22, 1.50)",Type 2 diabetes,7.5843780093458,2.60388614429359e-08,pos,p<0.0001,"HR: 1.35 (1.22, 1.50), p<0.0001, n=1695, nevent=94",HbA1c
M_Value,model 2,M_Value_sc,0.666665243576131,1.50000320196054,0.24596536321466,1.80693143613292,0.425442506145768,1689,7,"0.67 (0.25, 1.81)",Dementias,0.371159121715046,0.649379997611644,neg,ns,"HR: 0.67 (0.25, 1.81), ns, n=1689, nevent=7",M_Value
Matsuda_Index,model 2,OGTT_comp_sc,0.765675248019807,1.30603673370166,0.242116173174599,2.42139373732552,0.649456132611819,1689,7,"0.77 (0.24, 2.42)",Dementias,0.187450177936632,0.79549244543354,neg,ns,"HR: 0.77 (0.24, 2.42), ns, n=1689, nevent=7",Matsuda_Index
CRS,model 2,CRS_sc,1.24946921636354,0.800339845835023,0.506090985690391,3.08476808870724,0.629091061195364,1692,7,"1.25 (0.51, 3.08)",Dementias,0.201286485695789,0.890138609536128,pos,ns,"HR: 1.25 (0.51, 3.08), ns, n=1692, nevent=7",CRS
HOMAIR,model 2,HOMAIR_sc,1.29432389493145,0.772604140212494,0.735002014689576,2.27927857544454,0.371548977598594,1697,7,"1.29 (0.74, 2.28)",Dementias,0.429983929416751,0.688535246922521,pos,ns,"HR: 1.29 (0.74, 2.28), ns, n=1697, nevent=7",HOMAIR
TG_HDL_ratio,model 2,TG_HDL_ratio_sc,1.15650979090235,0.864670587198199,0.76760698726318,1.74244752672427,0.486868182129182,1699,7,"1.16 (0.77, 1.74)",Dementias,0.312588606594464,0.486868182129182,pos,ns,"HR: 1.16 (0.77, 1.74), ns, n=1699, nevent=7",TG_HDL_ratio
HbA1c,model 2,HbA1c_sc,0.871739983079392,1.1471310475717,0.393218523946229,1.93259104498133,0.735417923040664,1699,7,"0.87 (0.39, 1.93)",Dementias,0.133465790046695,0.735417923040664,neg,ns,"HR: 0.87 (0.39, 1.93), ns, n=1699, nevent=7",HbA1c
M_Value,model 2,M_Value_sc,0.607027286789062,1.64737240279529,0.48348330790924,0.762140328070359,1.71195033245818e-05,1665,75,"0.61 (0.48, 0.76)",Obesity,4.76650883933891,1.71195033245818e-05,neg,p<0.0001,"HR: 0.61 (0.48, 0.76), p<0.0001, n=1665, nevent=75",M_Value
Matsuda_Index,model 2,OGTT_comp_sc,0.359433303618006,2.78215732914601,0.226756846171472,0.569739357073522,1.33919974301658e-05,1666,75,"0.36 (0.23, 0.57)",Obesity,4.873154642689,2.54469884787336e-05,neg,p<0.0001,"HR: 0.36 (0.23, 0.57), p<0.0001, n=1666, nevent=75",Matsuda_Index
CRS,model 2,CRS_sc,1.73977851199195,0.574785809289629,1.40515804984101,2.1540845680181,3.7542543831787e-07,1669,74,"1.74 (1.41, 2.15)",Obesity,6.42547630351334,3.7542543831787e-07,pos,p<0.0001,"HR: 1.74 (1.41, 2.15), p<0.0001, n=1669, nevent=74",CRS
HOMAIR,model 2,HOMAIR_sc,1.2201410779257,0.819577357152872,1.0681880689789,1.39370986559024,0.00336759636084028,1673,75,"1.22 (1.07, 1.39)",Obesity,2.47267996846839,0.00336759636084028,pos,p<0.01,"HR: 1.22 (1.07, 1.39), p<0.01, n=1673, nevent=75",HOMAIR
TG_HDL_ratio,model 2,TG_HDL_ratio_sc,1.0831605834717,0.923224141700985,0.951681887600403,1.23280359211731,0.22632348808725,1675,75,"1.08 (0.95, 1.23)",Obesity,0.64527037217279,0.22632348808725,pos,ns,"HR: 1.08 (0.95, 1.23), ns, n=1675, nevent=75",TG_HDL_ratio
HbA1c,model 2,HbA1c_sc,1.08599857418678,0.920811522012194,0.93103078908709,1.26676036599408,0.293611017530681,1675,75,"1.09 (0.93, 1.27)",Obesity,0.532227651879251,0.293611017530681,pos,ns,"HR: 1.09 (0.93, 1.27), ns, n=1675, nevent=75",HbA1c
M_Value,model 2,M_Value_sc,0.973058643262024,1.02768728989207,0.79525012636323,1.19062304027156,0.790800624388968,1672,152,"0.97 (0.80, 1.19)",N_Ischemic Heart Disease (IHD),0.101932996454248,0.790800624388968,neg,ns,"HR: 0.97 (0.80, 1.19), ns, n=1672, nevent=152",M_Value
Matsuda_Index,model 2,OGTT_comp_sc,0.927340596821175,1.07835244507562,0.753154900700748,1.14181104273839,0.477307400087191,1672,151,"0.93 (0.75, 1.14)",N_Ischemic Heart Disease (IHD),0.321201832358837,0.477307400087191,neg,ns,"HR: 0.93 (0.75, 1.14), ns, n=1672, nevent=151",Matsuda_Index
CRS,model 2,CRS_sc,1.22916205817403,0.813562372308773,0.997929476999129,1.51397408341706,0.0523224258541922,1675,151,"1.23 (1.00, 1.51)",N_Ischemic Heart Disease (IHD),1.28131212877656,0.0523224258541922,pos,ns,"HR: 1.23 (1.00, 1.51), ns, n=1675, nevent=151",CRS
HOMAIR,model 2,HOMAIR_sc,0.962722337950728,1.03872109390193,0.813713636030906,1.13901778088688,0.657911320235445,1680,152,"0.96 (0.81, 1.14)",N_Ischemic Heart Disease (IHD),0.181832640926889,0.956604100027777,neg,ns,"HR: 0.96 (0.81, 1.14), ns, n=1680, nevent=152",HOMAIR
TG_HDL_ratio,model 2,TG_HDL_ratio_sc,1.10822434325122,0.902344372860718,1.00784244195802,1.21860436100363,0.0339031705222427,1682,152,"1.11 (1.01, 1.22)",N_Ischemic Heart Disease (IHD),1.4697596859878,0.0339031705222427,pos,p<0.05,"HR: 1.11 (1.01, 1.22), p<0.05, n=1682, nevent=152",TG_HDL_ratio
HbA1c,model 2,HbA1c_sc,0.903460452880909,1.10685531039156,0.758351426983296,1.07633580010097,0.255755225511717,1682,152,"0.90 (0.76, 1.08)",N_Ischemic Heart Disease (IHD),0.592175484154533,0.511510451023434,neg,ns,"HR: 0.90 (0.76, 1.08), ns, n=1682, nevent=152",HbA1c
M_Value,model 2,M_Value_sc,0.656931532069008,1.52222865121194,0.498342968169713,0.865988015064285,0.00287633133135103,1686,74,"0.66 (0.50, 0.87)",N_Stroke,2.54116108800776,0.00370783137216703,neg,p<0.01,"HR: 0.66 (0.50, 0.87), p<0.01, n=1686, nevent=74",M_Value
Matsuda_Index,model 2,OGTT_comp_sc,0.916341317105114,1.09129642124965,0.681700472211767,1.2317453832907,0.562663136043868,1686,75,"0.92 (0.68, 1.23)",N_Stroke,0.249751537551134,0.562663136043868,neg,ns,"HR: 0.92 (0.68, 1.23), ns, n=1686, nevent=75",Matsuda_Index
CRS,model 2,CRS_sc,1.05864290641754,0.944605583183864,0.778238995415352,1.44007793224244,0.716615718546736,1689,74,"1.06 (0.78, 1.44)",N_Stroke,0.144713670069932,0.716615718546736,pos,ns,"HR: 1.06 (0.78, 1.44), ns, n=1689, nevent=74",CRS
HOMAIR,model 2,HOMAIR_sc,1.08378535434721,0.922691929715477,0.875485045304524,1.34164564043347,0.459996769764311,1694,75,"1.08 (0.88, 1.34)",N_Stroke,0.337245218054211,0.513217359006569,pos,ns,"HR: 1.08 (0.88, 1.34), ns, n=1694, nevent=75",HOMAIR
TG_HDL_ratio,model 2,TG_HDL_ratio_sc,1.02162489614023,0.978832841464682,0.850001300593584,1.22790097813341,0.819644740391613,1696,75,"1.02 (0.85, 1.23)",N_Stroke,0.0863743436153058,0.819644740391613,pos,ns,"HR: 1.02 (0.85, 1.23), ns, n=1696, nevent=75",TG_HDL_ratio
HbA1c,model 2,HbA1c_sc,1.0973199946482,0.911311198991318,0.94852009803124,1.26946300152627,0.211626679413535,1696,75,"1.10 (0.95, 1.27)",N_Stroke,0.674429582422821,0.211626679413535,pos,ns,"HR: 1.10 (0.95, 1.27), ns, n=1696, nevent=75",HbA1c
M_Value,model 2,M_Value_sc,0.836783571797238,1.1950521421593,0.587780650880639,1.19127219479012,0.322774899805412,1672,51,"0.84 (0.59, 1.19)",Kidney stone disease,0.491100245015146,0.420366886840477,neg,ns,"HR: 0.84 (0.59, 1.19), ns, n=1672, nevent=51",M_Value
Matsuda_Index,model 2,OGTT_comp_sc,0.586877345219702,1.70393355297374,0.380823254409266,0.904422233527723,0.0157250497030869,1672,52,"0.59 (0.38, 0.90)",Kidney stone disease,1.80340797318048,0.0177197062249667,neg,p<0.05,"HR: 0.59 (0.38, 0.90), p<0.05, n=1672, nevent=52",Matsuda_Index
CRS,model 2,CRS_sc,0.694390013334933,1.44011287719609,0.432335395660923,1.11528571442125,0.131391390984231,1675,52,"0.69 (0.43, 1.12)",Kidney stone disease,0.881433089650886,0.168324876074535,neg,ns,"HR: 0.69 (0.43, 1.12), ns, n=1675, nevent=52",CRS
HOMAIR,model 2,HOMAIR_sc,1.12270128584336,0.890708875646123,0.870464970823317,1.44802860480664,0.372691115848124,1680,52,"1.12 (0.87, 1.45)",Kidney stone disease,0.428650959765942,0.372691115848124,pos,ns,"HR: 1.12 (0.87, 1.45), ns, n=1680, nevent=52",HOMAIR
TG_HDL_ratio,model 2,TG_HDL_ratio_sc,1.06358368375589,0.940217507350852,0.872825229438024,1.2960329447398,0.541040814503324,1682,52,"1.06 (0.87, 1.30)",Kidney stone disease,0.266769971778868,0.541040814503324,pos,ns,"HR: 1.06 (0.87, 1.30), ns, n=1682, nevent=52",TG_HDL_ratio
HbA1c,model 2,HbA1c_sc,1.02923791833079,0.971592653350539,0.796419192284439,1.33011698210252,0.825674103201192,1682,52,"1.03 (0.80, 1.33)",Kidney stone disease,0.0831913365899846,0.825674103201192,pos,ns,"HR: 1.03 (0.80, 1.33), ns, n=1682, nevent=52",HbA1c
M_Value,model 2,M_Value_sc,0.506711164449289,1.9735108877793,0.410810272075642,0.624999474526962,2.14516806713169e-10,1686,101,"0.51 (0.41, 0.62)",N_Diabetes mellitus,9.66853867654755,2.14516806713169e-10,neg,p<0.0001,"HR: 0.51 (0.41, 0.62), p<0.0001, n=1686, nevent=101",M_Value
Matsuda_Index,model 2,OGTT_comp_sc,0.251607476258216,3.97444469803327,0.153374627056139,0.412756160025459,4.65962218266333e-08,1686,102,"0.25 (0.15, 0.41)",N_Diabetes mellitus,7.33164929589295,4.65962218266333e-08,neg,p<0.0001,"HR: 0.25 (0.15, 0.41), p<0.0001, n=1686, nevent=102",Matsuda_Index
CRS,model 2,CRS_sc,1.31171947526305,0.762358125238218,1.05412027116924,1.63226913365005,0.0149966374902534,1689,99,"1.31 (1.05, 1.63)",N_Diabetes mellitus,1.82400610648637,0.0149966374902534,pos,p<0.05,"HR: 1.31 (1.05, 1.63), p<0.05, n=1689, nevent=99",CRS
HOMAIR,model 2,HOMAIR_sc,1.25116133846398,0.799257433280091,1.13375188268123,1.38072952184645,8.31873924486564e-06,1694,102,"1.25 (1.13, 1.38)",N_Diabetes mellitus,5.07994248867168,8.31873924486564e-06,pos,p<0.0001,"HR: 1.25 (1.13, 1.38), p<0.0001, n=1694, nevent=102",HOMAIR
TG_HDL_ratio,model 2,TG_HDL_ratio_sc,1.11459028630897,0.897190664842016,1.01833673168611,1.21994176157956,0.0185582595982775,1696,102,"1.11 (1.02, 1.22)",N_Diabetes mellitus,1.73146275453446,0.0185582595982775,pos,p<0.05,"HR: 1.11 (1.02, 1.22), p<0.05, n=1696, nevent=102",TG_HDL_ratio
HbA1c,model 2,HbA1c_sc,1.38662138047657,0.721177398589014,1.250476933496,1.53758842029923,5.67623114903957e-10,1696,102,"1.39 (1.25, 1.54)",N_Diabetes mellitus,9.24593992739561,5.67623114903957e-10,pos,p<0.0001,"HR: 1.39 (1.25, 1.54), p<0.0001, n=1696, nevent=102",HbA1c
M_Value,model 2,M_Value_sc,0.767297060800983,1.30327620303419,0.292046768451377,2.01592636219102,0.590955048123163,1689,7,"0.77 (0.29, 2.02)",Renal tubulo-interstitial diseases,0.22844555311966,0.590955048123163,neg,ns,"HR: 0.77 (0.29, 2.02), ns, n=1689, nevent=7",M_Value
Matsuda_Index,model 2,OGTT_comp_sc,0.852188868052159,1.17344879461485,0.323502000642597,2.24488833265161,0.746201282387892,1689,7,"0.85 (0.32, 2.24)",Renal tubulo-interstitial diseases,0.127144008935626,0.962535545515255,neg,ns,"HR: 0.85 (0.32, 2.24), ns, n=1689, nevent=7",Matsuda_Index
CRS,model 2,CRS_sc,0.745830700023676,1.34078685681383,0.263810741211872,2.10857007012865,0.580225196972326,1692,7,"0.75 (0.26, 2.11)",Renal tubulo-interstitial diseases,0.236403415367146,0.919049525883839,neg,ns,"HR: 0.75 (0.26, 2.11), ns, n=1692, nevent=7",CRS
HOMAIR,model 2,HOMAIR_sc,0.699229220755175,1.43014618141958,0.192591541878258,2.5386447316931,0.586552511715383,1697,7,"0.70 (0.19, 2.54)",Renal tubulo-interstitial diseases,0.231693101148878,0.586552511715383,neg,ns,"HR: 0.70 (0.19, 2.54), ns, n=1697, nevent=7",HOMAIR
TG_HDL_ratio,model 2,TG_HDL_ratio_sc,0.525778103955435,1.90194302972487,0.0958151500826753,2.88516601352125,0.459230648998121,1699,7,"0.53 (0.10, 2.89)",Renal tubulo-interstitial diseases,0.337969134881483,0.577064966860699,neg,ns,"HR: 0.53 (0.10, 2.89), ns, n=1699, nevent=7",TG_HDL_ratio
HbA1c,model 2,HbA1c_sc,0.789317608306533,1.26691713129963,0.301207326839152,2.06841677232987,0.630280398470027,1699,7,"0.79 (0.30, 2.07)",Renal tubulo-interstitial diseases,0.200466199091545,0.955614108939124,neg,ns,"HR: 0.79 (0.30, 2.07), ns, n=1699, nevent=7",HbA1c
M_Value,model 2,M_Value_sc,0.788550650272826,1.26814935686632,0.417999127667865,1.48759192755966,0.463213915172532,1690,14,"0.79 (0.42, 1.49)",Iron deficiency,0.334218402666042,0.463213915172532,neg,ns,"HR: 0.79 (0.42, 1.49), ns, n=1690, nevent=14",M_Value
Matsuda_Index,model 2,OGTT_comp_sc,0.860074443279398,1.16269005295295,0.399416295668081,1.85202270414397,0.700104979139786,1690,14,"0.86 (0.40, 1.85)",Iron deficiency,0.15483683363895,0.700104979139786,neg,ns,"HR: 0.86 (0.40, 1.85), ns, n=1690, nevent=14",Matsuda_Index
CRS,model 2,CRS_sc,1.34460156845527,0.743714735621524,0.733794951594044,2.46384003319308,0.337934800901113,1693,14,"1.34 (0.73, 2.46)",Iron deficiency,0.471167081793995,0.337934800901113,pos,ns,"HR: 1.34 (0.73, 2.46), ns, n=1693, nevent=14",CRS
HOMAIR,model 2,HOMAIR_sc,1.32080410657836,0.757114544859022,0.971316480994272,1.79604024238166,0.0760017336420159,1698,14,"1.32 (0.97, 1.80)",Iron deficiency,1.11917650110639,0.0760017336420159,pos,ns,"HR: 1.32 (0.97, 1.80), ns, n=1698, nevent=14",HOMAIR
TG_HDL_ratio,model 2,TG_HDL_ratio_sc,0.979357668872895,1.02107741817232,0.554376758512331,1.73012563902211,0.942727960360368,1700,14,"0.98 (0.55, 1.73)",Iron deficiency,0.0256136119913009,0.942727960360368,neg,ns,"HR: 0.98 (0.55, 1.73), ns, n=1700, nevent=14",TG_HDL_ratio
HbA1c,model 2,HbA1c_sc,1.38012980668655,0.724569526109162,1.00630330366258,1.89282721856523,0.0456137555002082,1700,14,"1.38 (1.01, 1.89)",Iron deficiency,1.34090416968247,0.0477749439287364,pos,p<0.05,"HR: 1.38 (1.01, 1.89), p<0.05, n=1700, nevent=14",HbA1c
M_Value,model 2,M_Value_sc,0.789242333884882,1.26703796421779,0.536265614692884,1.1615577141801,0.22998326358315,1689,45,"0.79 (0.54, 1.16)",Non-Hodgkin lymphoma,0.638303767451765,0.4599665271663,neg,ns,"HR: 0.79 (0.54, 1.16), ns, n=1689, nevent=45",M_Value
Matsuda_Index,model 2,OGTT_comp_sc,1.08244110255776,0.923837793702623,0.792962044645625,1.47759750724273,0.61782966315917,1689,45,"1.08 (0.79, 1.48)",Non-Hodgkin lymphoma,0.209131244242596,0.61782966315917,pos,ns,"HR: 1.08 (0.79, 1.48), ns, n=1689, nevent=45",Matsuda_Index
CRS,model 2,CRS_sc,1.18472139217056,0.844080310027889,0.788385928142237,1.78030166060159,0.414651387141326,1692,43,"1.18 (0.79, 1.78)",Non-Hodgkin lymphoma,0.382316877425478,0.771598159213374,pos,ns,"HR: 1.18 (0.79, 1.78), ns, n=1692, nevent=43",CRS
HOMAIR,model 2,HOMAIR_sc,1.08679900310298,0.920133343097339,0.778279055062079,1.51762027445467,0.625137581297126,1697,45,"1.09 (0.78, 1.52)",Non-Hodgkin lymphoma,0.204024391899691,0.859068355946413,pos,ns,"HR: 1.09 (0.78, 1.52), ns, n=1697, nevent=45",HOMAIR
TG_HDL_ratio,model 2,TG_HDL_ratio_sc,1.33676769667841,0.748073133787412,1.14275713837147,1.56371622182948,0.000285770599349314,1699,45,"1.34 (1.14, 1.56)",Non-Hodgkin lymphoma,3.54398245433148,0.000571541198698628,pos,p<0.001,"HR: 1.34 (1.14, 1.56), p<0.001, n=1699, nevent=45",TG_HDL_ratio
HbA1c,model 2,HbA1c_sc,1.14193777005454,0.875704461506895,0.880475319306326,1.48104307080919,0.317088351907835,1699,45,"1.14 (0.88, 1.48)",Non-Hodgkin lymphoma,0.498819711284376,0.389570360879205,pos,ns,"HR: 1.14 (0.88, 1.48), ns, n=1699, nevent=45",HbA1c
M_Value,model 2,M_Value_sc,0.935299806485652,1.06917588677523,0.384369336807286,2.27589884062655,0.882797692861088,1690,9,"0.94 (0.38, 2.28)",Benign neoplasm of stomach,0.0541388105115242,0.882797692861088,neg,ns,"HR: 0.94 (0.38, 2.28), ns, n=1690, nevent=9",M_Value
Matsuda_Index,model 2,OGTT_comp_sc,1.55903100429292,0.641424062283826,0.992073482565628,2.44999762120525,0.0541721142567277,1690,9,"1.56 (0.99, 2.45)",Benign neoplasm of stomach,1.2662242142169,0.0541721142567277,pos,ns,"HR: 1.56 (0.99, 2.45), ns, n=1690, nevent=9",Matsuda_Index
CRS,model 2,CRS_sc,1.55204083649782,0.644312943631367,0.626698106128655,3.84368603415302,0.342098366754023,1693,9,"1.55 (0.63, 3.84)",Benign neoplasm of stomach,0.465848999218645,0.684196733508047,pos,ns,"HR: 1.55 (0.63, 3.84), ns, n=1693, nevent=9",CRS
HOMAIR,model 2,HOMAIR_sc,0.681264937965258,1.4678577221172,0.179731242344212,2.5823107304402,0.572387250335116,1698,9,"0.68 (0.18, 2.58)",Benign neoplasm of stomach,0.242310048515988,0.572387250335116,neg,ns,"HR: 0.68 (0.18, 2.58), ns, n=1698, nevent=9",HOMAIR
TG_HDL_ratio,model 2,TG_HDL_ratio_sc,0.936255554839167,1.06808445069443,0.301133240809977,2.91091897264287,0.909389921982959,1700,9,"0.94 (0.30, 2.91)",Benign neoplasm of stomach,0.0412498630311105,0.909389921982959,neg,ns,"HR: 0.94 (0.30, 2.91), ns, n=1700, nevent=9",TG_HDL_ratio
HbA1c,model 2,HbA1c_sc,0.964125600312596,1.03720925953607,0.428202101017152,2.17079311607789,0.929698816635821,1700,9,"0.96 (0.43, 2.17)",Benign neoplasm of stomach,0.0316577218310514,0.929698816635821,neg,ns,"HR: 0.96 (0.43, 2.17), ns, n=1700, nevent=9",HbA1c
M_Value,model 2,M_Value_sc,0.713677489344472,1.40119313685867,0.509358743191851,0.999954483170983,0.0499690894670077,1687,57,"0.71 (0.51, 1.00)",Malignant neoplasm of other and ill-defined sites,1.30129856416672,0.0999381789340154,neg,ns,"HR: 0.71 (0.51, 1.00), ns, n=1687, nevent=57",M_Value
Matsuda_Index,model 2,OGTT_comp_sc,0.859752402119013,1.16312556677402,0.623387634273261,1.18573765713389,0.356900254115918,1687,57,"0.86 (0.62, 1.19)",Malignant neoplasm of other and ill-defined sites,0.447453142822984,0.713800508231836,neg,ns,"HR: 0.86 (0.62, 1.19), ns, n=1687, nevent=57",Matsuda_Index
CRS,model 2,CRS_sc,1.00458279660795,0.995438109607864,0.688855518098176,1.46501925110052,0.981050297772768,1690,55,"1.00 (0.69, 1.47)",Malignant neoplasm of other and ill-defined sites,0.00830872607041728,0.981050297772768,pos,ns,"HR: 1.00 (0.69, 1.47), ns, n=1690, nevent=55",CRS
HOMAIR,model 2,HOMAIR_sc,1.15698279571433,0.864317087258495,0.877683198969406,1.52516214409797,0.300942569599693,1695,57,"1.16 (0.88, 1.53)",Malignant neoplasm of other and ill-defined sites,0.521516375122674,0.601885139199386,pos,ns,"HR: 1.16 (0.88, 1.53), ns, n=1695, nevent=57",HOMAIR
TG_HDL_ratio,model 2,TG_HDL_ratio_sc,1.2486333303284,0.800875625942962,1.07590453909588,1.44909249561968,0.00346601849776345,1697,57,"1.25 (1.08, 1.45)",Malignant neoplasm of other and ill-defined sites,2.46016912383354,0.00693203699552691,pos,p<0.01,"HR: 1.25 (1.08, 1.45), p<0.01, n=1697, nevent=57",TG_HDL_ratio
HbA1c,model 2,HbA1c_sc,1.14240132393454,0.875349125608419,0.913441136281024,1.42875192838466,0.243366866501721,1697,57,"1.14 (0.91, 1.43)",Malignant neoplasm of other and ill-defined sites,0.613738549667895,0.293729750237499,pos,ns,"HR: 1.14 (0.91, 1.43), ns, n=1697, nevent=57",HbA1c
M_Value,model 2,M_Value_sc,0.819178881540931,1.22073459476755,0.647063040357525,1.03707675776362,0.0974317606007265,1687,113,"0.82 (0.65, 1.04)",Urinary incontinence and enuresis,1.01129944963871,0.0974317606007265,neg,ns,"HR: 0.82 (0.65, 1.04), ns, n=1687, nevent=113",M_Value
Matsuda_Index,model 2,OGTT_comp_sc,0.981094934449044,1.01926935395052,0.786957403167021,1.2231249957468,0.86528191097606,1687,115,"0.98 (0.79, 1.22)",Urinary incontinence and enuresis,0.0628423752695916,0.86528191097606,neg,ns,"HR: 0.98 (0.79, 1.22), ns, n=1687, nevent=115",Matsuda_Index
CRS,model 2,CRS_sc,1.2250669882331,0.816281892831255,0.965153564366347,1.55497444248039,0.0952269650551508,1690,114,"1.23 (0.97, 1.55)",Urinary incontinence and enuresis,1.02124005669481,0.0952269650551508,pos,ns,"HR: 1.23 (0.97, 1.55), ns, n=1690, nevent=114",CRS
HOMAIR,model 2,HOMAIR_sc,1.06128559043089,0.942253441502013,0.877241226388952,1.28394228471525,0.540459251714699,1695,115,"1.06 (0.88, 1.28)",Urinary incontinence and enuresis,0.267237044398119,0.540459251714699,pos,ns,"HR: 1.06 (0.88, 1.28), ns, n=1695, nevent=115",HOMAIR
TG_HDL_ratio,model 2,TG_HDL_ratio_sc,0.942632888920192,1.06085838055738,0.750226097174129,1.18438530280531,0.612025045109368,1697,115,"0.94 (0.75, 1.18)",Urinary incontinence and enuresis,0.213230805419402,0.977992135508117,neg,ns,"HR: 0.94 (0.75, 1.18), ns, n=1697, nevent=115",TG_HDL_ratio
HbA1c,model 2,HbA1c_sc,0.884516469283621,1.13056119894513,0.71598438062323,1.0927185084023,0.255196146531622,1697,115,"0.88 (0.72, 1.09)",Urinary incontinence and enuresis,0.593125887759214,0.510392293063244,neg,ns,"HR: 0.88 (0.72, 1.09), ns, n=1697, nevent=115",HbA1c
